Superficie,Referencia,Fecha Alta,Tipo,Operación,Provincia,Precio Venta,Fecha Venta,Vendedor
152,5,2004-01-02,Suelo,Venta,Tarragona,1138024,2004-07-10,María
187,12,2004-01-04,Industrial,Venta,Girona,999328,2004-04-05,Carmen
68,14,2004-01-04,Local,Venta,Tarragona,664700,2004-10-01,Carmen
229,37,2004-01-16,Local,Venta,Girona,1160572,2004-07-09,Pedro
182,40,2004-01-18,Oficina,Venta,Girona,1057784,2004-07-22,Jesús
230,41,2004-01-18,Piso,Venta,Barcelona,1421860,2004-09-23,Jesús
168,42,2004-01-19,Oficina,Venta,Tarragona,1426992,2004-11-20,Jesús
284,48,2004-01-20,Industrial,Venta,Barcelona,1457488,2004-07-06,Jesús
40,49,2004-01-20,Local,Venta,Girona,321680,2005-01-11,Jesús
90,51,2004-01-20,Industrial,Venta,Lleida,568620,2004-12-14,Joaquín
127,55,2004-01-22,Local,Venta,Girona,983234,2004-07-09,Carmen
54,56,2004-01-23,Piso,Venta,Lleida,239220,2004-05-01,María
166,59,2004-01-24,Industrial,Venta,Tarragona,1373816,2004-11-19,Joaquín
120,61,2004-01-24,Casa,Venta,Tarragona,1140840,2004-09-12,Carmen
178,62,2004-01-24,Industrial,Venta,Tarragona,1142938,2005-01-23,Joaquín
144,63,2004-01-25,Piso,Venta,Barcelona,738144,2004-09-06,Luisa
57,64,2004-01-26,Industrial,Venta,Lleida,509010,2004-10-13,María
144,65,2004-01-26,Oficina,Venta,Tarragona,1436832,2004-05-26,Luisa
216,72,2004-01-28,Suelo,Venta,Tarragona,1478952,2004-10-15,Carmen
229,74,2004-01-29,Industrial,Venta,Girona,1098055,2004-10-22,Joaquín
41,75,2004-01-29,Suelo,Venta,Tarragona,187862,2004-08-14,Jesús
87,78,2004-01-31,Piso,Venta,Lleida,448485,2004-10-04,María
117,82,2004-02-02,Parking,Venta,Girona,1069731,2004-09-14,Pedro
56,83,2004-02-02,Suelo,Venta,Lleida,471072,2004-05-29,María
94,84,2004-02-02,Piso,Venta,Barcelona,470940,2004-07-28,Carmen
68,95,2004-02-06,Local,Venta,Barcelona,663816,2004-05-23,Joaquín
96,97,2004-02-07,Suelo,Venta,Tarragona,625536,2004-11-07,Jesús
227,98,2004-02-07,Casa,Venta,Lleida,1467782,2005-02-01,Carmen
45,102,2004-02-08,Local,Venta,Barcelona,438435,2004-05-23,Luisa
104,104,2004-02-09,Oficina,Venta,Tarragona,699400,2004-07-14,Luisa
103,114,2004-02-14,Suelo,Venta,Girona,806799,2005-01-11,Joaquín
54,115,2004-02-14,Industrial,Venta,Tarragona,438750,2004-08-15,Carmen
103,116,2004-02-15,Parking,Venta,Girona,973659,2005-01-04,Jesús
51,119,2004-02-16,Parking,Venta,Lleida,307989,2004-07-06,Pedro
174,120,2004-02-16,Piso,Venta,Tarragona,973878,2004-12-13,Jesús
152,121,2004-02-17,Parking,Venta,Barcelona,688864,2004-12-06,Jesús
118,125,2004-02-19,Industrial,Venta,Girona,1067192,2004-08-25,Carmen
194,126,2004-02-19,Industrial,Venta,Tarragona,1373132,2004-08-31,María
139,127,2004-02-20,Industrial,Venta,Barcelona,1087119,2004-05-29,Jesús
130,128,2004-02-20,Casa,Venta,Tarragona,1230190,2005-01-04,Luisa
216,130,2004-02-21,Oficina,Venta,Tarragona,1389096,2004-11-23,Luisa
55,131,2004-02-21,Local,Venta,Lleida,477345,2004-09-04,Carmen
190,132,2004-02-21,Oficina,Venta,Tarragona,1268630,2004-12-04,Jesús
45,135,2004-02-22,Local,Venta,Lleida,229455,2004-10-05,Jesús
119,137,2004-02-23,Casa,Venta,Barcelona,686154,2005-01-19,Pedro
88,138,2004-02-24,Industrial,Venta,Girona,678480,2004-12-28,Luisa
222,140,2004-02-26,Piso,Venta,Barcelona,1076034,2004-06-02,María
47,141,2004-02-27,Suelo,Venta,Barcelona,455477,2004-12-31,Joaquín
123,142,2004-02-27,Oficina,Venta,Tarragona,1128156,2004-09-23,Pedro
50,145,2004-02-28,Piso,Venta,Girona,315550,2004-10-14,Pedro
109,148,2004-02-28,Local,Venta,Barcelona,779241,2004-05-30,María
249,149,2004-02-29,Piso,Venta,Lleida,1492506,2005-02-12,Luisa
172,152,2004-03-02,Oficina,Venta,Tarragona,1063648,2005-02-13,María
68,153,2004-03-02,Piso,Venta,Lleida,434656,2004-07-13,María
106,159,2004-03-04,Local,Venta,Lleida,563178,2004-08-01,Pedro
211,160,2004-03-04,Casa,Venta,Tarragona,875228,2004-07-23,María
165,161,2004-03-04,Suelo,Venta,Tarragona,1305480,2004-07-29,Jesús
266,163,2004-03-05,Local,Venta,Tarragona,1161090,2004-11-23,Carmen
104,165,2004-03-05,Industrial,Venta,Tarragona,1001104,2004-10-11,Luisa
169,167,2004-03-06,Parking,Venta,Girona,1370759,2005-01-14,Luisa
144,171,2004-03-08,Suelo,Venta,Girona,1358640,2004-11-13,Joaquín
52,175,2004-03-10,Local,Venta,Barcelona,416936,2004-08-25,Carmen
148,177,2004-03-11,Suelo,Venta,Tarragona,1431012,2004-09-01,Jesús
118,178,2004-03-11,Local,Venta,Tarragona,513300,2004-10-26,María
156,179,2004-03-12,Industrial,Venta,Barcelona,848328,2005-02-27,Jesús
42,181,2004-03-12,Oficina,Venta,Tarragona,367584,2004-08-11,Joaquín
273,184,2004-03-14,Suelo,Venta,Tarragona,1447992,2004-10-24,Pedro
63,188,2004-03-16,Casa,Venta,Lleida,537264,2005-02-08,Carmen
160,189,2004-03-17,Parking,Venta,Girona,1261600,2004-10-25,Jesús
56,192,2004-03-18,Local,Venta,Girona,553616,2005-03-09,Pedro
59,193,2004-03-18,Suelo,Venta,Tarragona,453651,2004-10-07,María
62,195,2004-03-19,Piso,Venta,Girona,250852,2004-07-21,Carmen
87,197,2004-03-20,Piso,Venta,Tarragona,519738,2005-01-13,Carmen
177,199,2004-03-21,Oficina,Venta,Lleida,842343,2005-03-10,María
247,201,2004-03-22,Parking,Venta,Girona,1050985,2004-11-09,Pedro
156,208,2004-03-23,Casa,Venta,Lleida,1369680,2004-09-27,Pedro
163,214,2004-03-26,Industrial,Venta,Girona,1385011,2004-08-26,Carmen
263,216,2004-03-27,Industrial,Venta,Tarragona,1494892,2005-02-02,María
192,224,2004-03-31,Oficina,Venta,Tarragona,1032000,2004-08-21,Luisa
117,229,2004-04-01,Oficina,Venta,Tarragona,739206,2005-01-25,Carmen
212,232,2004-04-03,Oficina,Venta,Tarragona,1479548,2004-11-03,María
126,235,2004-04-03,Suelo,Venta,Lleida,848358,2004-11-02,Pedro
164,240,2004-04-06,Parking,Venta,Barcelona,1298716,2004-12-03,Luisa
69,242,2004-04-07,Suelo,Venta,Barcelona,656535,2004-08-16,Jesús
239,245,2004-04-08,Casa,Venta,Barcelona,1176597,2004-07-07,Joaquín
124,251,2004-04-09,Suelo,Venta,Lleida,1130632,2005-01-22,Pedro
106,253,2004-04-10,Parking,Venta,Tarragona,567206,2004-08-08,María
67,254,2004-04-10,Piso,Venta,Girona,379689,2004-10-29,Pedro
138,259,2004-04-11,Parking,Venta,Tarragona,1183212,2005-02-26,Luisa
105,265,2004-04-14,Parking,Venta,Barcelona,927255,2004-11-21,Luisa
204,267,2004-04-14,Casa,Venta,Girona,1291116,2004-09-27,Carmen
52,269,2004-04-15,Parking,Venta,Lleida,446888,2004-09-01,María
244,279,2004-04-18,Suelo,Venta,Girona,1414956,2005-02-26,María
154,280,2004-04-18,Oficina,Venta,Barcelona,881804,2004-08-25,Pedro
258,281,2004-04-18,Oficina,Venta,Girona,1081278,2005-04-13,Carmen
65,286,2004-04-19,Industrial,Venta,Barcelona,523770,2005-01-24,Jesús
163,289,2004-04-20,Suelo,Venta,Lleida,895359,2005-02-17,Pedro
54,292,2004-04-21,Parking,Venta,Barcelona,258444,2005-03-08,Pedro
82,293,2004-04-22,Parking,Venta,Girona,430418,2005-02-09,Luisa
86,294,2004-04-22,Oficina,Venta,Girona,589960,2005-03-18,Carmen
133,295,2004-04-22,Oficina,Venta,Girona,786695,2004-11-21,Luisa
106,298,2004-04-23,Industrial,Venta,Barcelona,600596,2004-11-23,Luisa
45,299,2004-04-23,Industrial,Venta,Girona,307170,2005-04-16,Joaquín
249,305,2004-04-27,Oficina,Venta,Girona,1150380,2004-11-18,Joaquín
142,306,2004-04-27,Piso,Venta,Lleida,1055912,2004-09-28,Jesús
121,310,2004-04-28,Industrial,Venta,Lleida,792792,2004-09-23,Pedro
61,311,2004-04-28,Suelo,Venta,Lleida,605425,2004-12-29,Carmen
123,319,2004-05-02,Piso,Venta,Tarragona,961368,2004-09-04,Luisa
42,322,2004-05-03,Suelo,Venta,Barcelona,255906,2004-11-09,María
60,325,2004-05-04,Piso,Venta,Girona,332400,2004-08-30,Joaquín
180,327,2004-05-04,Suelo,Venta,Tarragona,1022040,2005-03-28,Jesús
273,328,2004-05-04,Suelo,Venta,Barcelona,1369368,2005-04-17,Jesús
110,333,2004-05-06,Piso,Venta,Barcelona,803000,2004-08-25,Jesús
148,335,2004-05-07,Piso,Venta,Lleida,634920,2005-04-27,Joaquín
102,337,2004-05-08,Oficina,Venta,Girona,413610,2004-09-15,Pedro
99,340,2004-05-10,Suelo,Venta,Lleida,783783,2004-12-01,Jesús
175,343,2004-05-10,Parking,Venta,Barcelona,1178100,2004-11-12,Luisa
146,344,2004-05-10,Casa,Venta,Barcelona,1083466,2004-09-19,Jesús
202,346,2004-05-11,Local,Venta,Tarragona,1320676,2004-12-23,Pedro
173,347,2004-05-11,Industrial,Venta,Barcelona,851852,2004-09-18,Carmen
234,349,2004-05-12,Parking,Venta,Tarragona,1398852,2004-11-01,María
103,350,2004-05-13,Oficina,Venta,Girona,680830,2004-09-21,María
122,354,2004-05-14,Piso,Venta,Girona,885476,2005-03-30,Carmen
131,358,2004-05-15,Piso,Venta,Barcelona,1180048,2004-11-04,Joaquín
130,359,2004-05-15,Parking,Venta,Lleida,1176630,2005-03-18,Jesús
156,360,2004-05-16,Local,Venta,Barcelona,896220,2005-03-19,Luisa
141,362,2004-05-18,Casa,Venta,Lleida,732495,2004-12-02,Luisa
267,364,2004-05-18,Local,Venta,Lleida,1257036,2004-12-26,Luisa
137,366,2004-05-18,Oficina,Venta,Lleida,961192,2005-05-10,Jesús
80,368,2004-05-18,Casa,Venta,Girona,354320,2004-10-18,Carmen
230,371,2004-05-20,Oficina,Venta,Barcelona,1109980,2004-12-08,Luisa
230,375,2004-05-22,Local,Venta,Tarragona,1398630,2005-04-10,María
108,379,2004-05-24,Piso,Venta,Girona,812808,2004-10-13,Jesús
123,381,2004-05-25,Casa,Venta,Girona,775884,2004-10-21,Joaquín
119,387,2004-05-27,Oficina,Venta,Barcelona,486472,2004-09-04,Joaquín
300,391,2004-05-30,Suelo,Venta,Girona,1483500,2005-03-29,Carmen
225,393,2004-05-31,Piso,Venta,Girona,1164375,2005-03-04,Pedro
177,397,2004-06-01,Parking,Venta,Barcelona,933321,2005-05-10,Joaquín
72,398,2004-06-01,Industrial,Venta,Girona,427824,2004-11-08,Luisa
65,399,2004-06-01,Industrial,Venta,Tarragona,483860,2005-01-24,Pedro
208,400,2004-06-01,Parking,Venta,Tarragona,1225120,2005-01-22,Carmen
90,403,2004-06-02,Piso,Venta,Girona,770040,2005-04-26,Jesús
162,407,2004-06-03,Industrial,Venta,Barcelona,1383480,2004-12-16,María
90,411,2004-06-05,Local,Venta,Girona,742770,2004-11-27,Luisa
148,412,2004-06-05,Local,Venta,Girona,1268952,2004-10-14,María
56,414,2004-06-06,Suelo,Venta,Lleida,425432,2004-09-23,Luisa
46,415,2004-06-06,Parking,Venta,Barcelona,386584,2004-12-17,Carmen
254,417,2004-06-07,Suelo,Venta,Barcelona,1381506,2005-04-14,Luisa
174,419,2004-06-07,Parking,Venta,Girona,952302,2004-12-06,Luisa
135,421,2004-06-09,Suelo,Venta,Barcelona,1209735,2005-05-05,Pedro
173,425,2004-06-09,Casa,Venta,Girona,1117753,2004-12-11,María
81,427,2004-06-10,Piso,Venta,Barcelona,583362,2005-05-04,Carmen
249,430,2004-06-11,Oficina,Venta,Tarragona,1388175,2004-10-29,Luisa
144,433,2004-06-13,Suelo,Venta,Tarragona,852480,2005-06-04,Carmen
105,436,2004-06-13,Suelo,Venta,Tarragona,783195,2004-11-20,Carmen
107,437,2004-06-14,Parking,Venta,Girona,909821,2005-05-03,Luisa
115,440,2004-06-15,Parking,Venta,Barcelona,1077665,2004-09-19,Jesús
102,441,2004-06-16,Parking,Venta,Barcelona,790602,2004-11-09,Carmen
211,442,2004-06-16,Parking,Venta,Tarragona,872063,2005-02-26,Pedro
102,444,2004-06-17,Parking,Venta,Barcelona,1005312,2005-06-09,Luisa
118,449,2004-06-17,Local,Venta,Girona,788948,2005-04-08,Pedro
54,451,2004-06-18,Oficina,Venta,Barcelona,406998,2005-04-25,Joaquín
107,459,2004-06-21,Oficina,Venta,Girona,590426,2004-11-03,María
90,461,2004-06-22,Casa,Venta,Girona,412740,2004-09-26,María
126,467,2004-06-24,Local,Venta,Girona,520758,2005-06-16,Pedro
215,468,2004-06-24,Local,Venta,Tarragona,870105,2005-04-02,Jesús
191,470,2004-06-25,Parking,Venta,Tarragona,875544,2004-11-01,Jesús
155,471,2004-06-25,Casa,Venta,Lleida,801350,2005-01-14,Pedro
232,479,2004-06-28,Oficina,Venta,Girona,1028224,2005-05-26,Luisa
58,480,2004-06-28,Suelo,Venta,Lleida,530816,2004-10-07,Luisa
134,483,2004-06-29,Oficina,Venta,Lleida,946710,2005-01-04,Carmen
60,489,2004-07-01,Casa,Venta,Tarragona,253920,2005-01-30,Luisa
282,492,2004-07-03,Local,Venta,Lleida,1298328,2005-03-10,Jesús
209,497,2004-07-03,Oficina,Venta,Girona,1316073,2005-04-02,Pedro
61,499,2004-07-04,Casa,Venta,Barcelona,531432,2005-05-22,Joaquín
229,501,2004-07-05,Casa,Venta,Lleida,965006,2005-02-02,Pedro
72,503,2004-07-05,Piso,Venta,Barcelona,647352,2005-06-07,María
186,504,2004-07-05,Oficina,Venta,Lleida,1216254,2005-04-09,María
172,505,2004-07-05,Industrial,Venta,Tarragona,860172,2005-05-16,Luisa
80,509,2004-07-06,Parking,Venta,Tarragona,428240,2005-02-01,Pedro
40,511,2004-07-06,Industrial,Venta,Lleida,258560,2005-03-22,Jesús
76,514,2004-07-07,Casa,Venta,Tarragona,741228,2004-12-28,Luisa
174,517,2004-07-08,Industrial,Venta,Girona,1313526,2005-01-16,Pedro
108,518,2004-07-08,Casa,Venta,Girona,638064,2004-10-24,Luisa
105,521,2004-07-09,Parking,Venta,Barcelona,740355,2004-12-08,Luisa
223,522,2004-07-09,Casa,Venta,Lleida,1293400,2005-03-03,Carmen
280,525,2004-07-10,Parking,Venta,Lleida,1249360,2005-01-09,Pedro
86,530,2004-07-12,Local,Venta,Lleida,446856,2005-06-12,María
72,533,2004-07-13,Parking,Venta,Tarragona,606024,2005-04-12,Carmen
62,534,2004-07-14,Oficina,Venta,Girona,410316,2004-12-27,Luisa
197,536,2004-07-14,Casa,Venta,Girona,1292123,2005-06-30,Joaquín
101,543,2004-07-16,Industrial,Venta,Tarragona,564186,2005-01-21,Pedro
79,544,2004-07-17,Oficina,Venta,Tarragona,694331,2005-03-10,Carmen
82,545,2004-07-18,Local,Venta,Lleida,419348,2005-03-12,Jesús
65,546,2004-07-20,Industrial,Venta,Lleida,628095,2005-03-08,María
237,549,2004-07-20,Local,Venta,Girona,1403988,2005-06-27,Carmen
125,552,2004-07-21,Local,Venta,Barcelona,804625,2005-06-26,Carmen
141,554,2004-07-21,Parking,Venta,Barcelona,867009,2004-11-21,Joaquín
138,555,2004-07-22,Piso,Venta,Girona,1289748,2004-12-25,Luisa
57,556,2004-07-22,Suelo,Venta,Lleida,567492,2005-02-08,Carmen
237,563,2004-07-25,Piso,Venta,Barcelona,1272216,2005-04-27,Jesús
147,565,2004-07-25,Suelo,Venta,Barcelona,917868,2004-11-15,Joaquín
98,567,2004-07-26,Local,Venta,Barcelona,469910,2005-01-08,Joaquín
153,568,2004-07-26,Local,Venta,Lleida,639999,2005-05-11,Luisa
243,573,2004-07-28,Parking,Venta,Tarragona,1038825,2004-12-14,Jesús
54,576,2004-07-29,Casa,Venta,Barcelona,435348,2005-02-20,Pedro
154,577,2004-07-29,Oficina,Venta,Barcelona,889658,2005-06-22,Joaquín
148,579,2004-07-29,Industrial,Venta,Girona,811780,2005-04-17,Luisa
138,589,2004-08-02,Oficina,Venta,Tarragona,1372686,2005-06-17,Carmen
95,590,2004-08-03,Suelo,Venta,Tarragona,627570,2005-03-16,Carmen
213,593,2004-08-04,Suelo,Venta,Tarragona,1234974,2005-06-23,Carmen
262,595,2004-08-04,Industrial,Venta,Barcelona,1343798,2005-04-15,Jesús
62,596,2004-08-04,Parking,Venta,Lleida,358360,2005-07-23,Luisa
71,597,2004-08-05,Casa,Venta,Lleida,323760,2005-03-15,María
94,598,2004-08-06,Casa,Venta,Lleida,735456,2005-05-02,María
227,602,2004-08-09,Industrial,Venta,Girona,1218763,2005-07-27,Joaquín
49,607,2004-08-10,Parking,Venta,Barcelona,418019,2005-02-22,Pedro
210,608,2004-08-11,Suelo,Venta,Lleida,1117620,2005-05-12,Carmen
127,610,2004-08-11,Local,Venta,Barcelona,1058545,2005-01-23,Joaquín
172,617,2004-08-13,Piso,Venta,Lleida,1283980,2005-01-27,Carmen
123,622,2004-08-14,Piso,Venta,Barcelona,1116348,2005-06-29,Luisa
72,623,2004-08-15,Local,Venta,Tarragona,577656,2005-07-30,María
154,624,2004-08-15,Industrial,Venta,Tarragona,1122352,2005-05-11,Jesús
249,629,2004-08-17,Piso,Venta,Girona,1427019,2004-12-04,Jesús
116,638,2004-08-18,Casa,Venta,Tarragona,915704,2005-01-27,María
119,642,2004-08-20,Industrial,Venta,Girona,711382,2005-08-01,Luisa
67,647,2004-08-21,Piso,Venta,Barcelona,346256,2005-05-18,Luisa
267,648,2004-08-21,Oficina,Venta,Girona,1153173,2005-03-28,Pedro
80,650,2004-08-22,Parking,Venta,Lleida,777360,2005-04-21,Carmen
207,651,2004-08-22,Piso,Venta,Girona,1015956,2005-06-17,Jesús
147,653,2004-08-22,Piso,Venta,Tarragona,730149,2004-12-25,Carmen
286,658,2004-08-23,Parking,Venta,Tarragona,1442870,2005-08-09,Pedro
176,660,2004-08-23,Piso,Venta,Tarragona,1003552,2005-08-05,Carmen
271,666,2004-08-26,Suelo,Venta,Lleida,1457980,2005-05-09,Luisa
116,667,2004-08-26,Oficina,Venta,Barcelona,651920,2005-05-09,María
67,673,2004-08-29,Industrial,Venta,Barcelona,479318,2005-04-03,Luisa
152,674,2004-08-29,Parking,Venta,Girona,1392168,2005-08-04,Pedro
47,676,2004-08-29,Casa,Venta,Girona,311563,2004-12-27,Carmen
225,678,2004-08-30,Industrial,Venta,Barcelona,1239300,2005-01-29,María
113,679,2004-08-30,Suelo,Venta,Tarragona,1074969,2005-04-16,Joaquín
97,685,2004-08-31,Piso,Venta,Girona,662316,2005-04-27,Carmen
163,688,2004-09-01,Suelo,Venta,Lleida,688838,2004-12-13,Luisa
64,689,2004-09-02,Parking,Venta,Girona,622144,2005-07-05,María
177,692,2004-09-02,Oficina,Venta,Lleida,1022883,2005-04-29,María
160,703,2004-09-07,Casa,Venta,Tarragona,1341120,2005-07-25,María
158,708,2004-09-08,Industrial,Venta,Tarragona,1124012,2005-05-03,Pedro
274,710,2004-09-09,Parking,Venta,Lleida,1291636,2005-05-24,María
73,713,2004-09-10,Casa,Venta,Barcelona,688463,2005-08-08,Luisa
44,721,2004-09-12,Industrial,Venta,Tarragona,266596,2005-04-23,Luisa
112,726,2004-09-13,Parking,Venta,Girona,1081360,2005-05-03,María
139,728,2004-09-16,Suelo,Venta,Barcelona,585746,2005-05-03,Pedro
109,731,2004-09-16,Casa,Venta,Girona,555246,2005-04-10,Joaquín
117,732,2004-09-16,Suelo,Venta,Tarragona,652743,2004-12-23,Pedro
85,734,2004-09-17,Piso,Venta,Lleida,644470,2005-06-22,María
112,736,2004-09-19,Industrial,Venta,Barcelona,840560,2005-06-29,Pedro
126,741,2004-09-21,Parking,Venta,Tarragona,1184274,2005-07-28,María
218,742,2004-09-22,Suelo,Venta,Barcelona,1330236,2004-12-27,Pedro
56,743,2004-09-22,Local,Venta,Lleida,542864,2005-09-08,María
99,744,2004-09-22,Casa,Venta,Barcelona,538065,2005-06-19,Jesús
83,745,2004-09-22,Suelo,Venta,Lleida,445295,2005-01-30,Pedro
114,749,2004-09-23,Local,Venta,Lleida,679554,2005-09-16,Pedro
132,751,2004-09-23,Parking,Venta,Girona,556116,2005-09-11,Luisa
67,753,2004-09-25,Local,Venta,Lleida,399655,2005-08-13,Luisa
42,757,2004-09-26,Industrial,Venta,Barcelona,306726,2005-06-16,Jesús
50,761,2004-09-26,Local,Venta,Girona,411700,2005-01-05,Carmen
48,762,2004-09-26,Parking,Venta,Barcelona,371712,2005-08-14,María
231,768,2004-09-29,Piso,Venta,Girona,1213212,2005-06-24,Carmen
159,769,2004-10-02,Casa,Venta,Barcelona,1162131,2005-08-25,Pedro
185,770,2004-10-04,Oficina,Venta,Lleida,1343840,2005-04-17,Carmen
44,771,2004-10-04,Industrial,Venta,Girona,223564,2005-09-26,Luisa
277,772,2004-10-04,Suelo,Venta,Barcelona,1363948,2005-01-02,Jesús
59,773,2004-10-04,Suelo,Venta,Lleida,484744,2005-05-27,Joaquín
76,776,2004-10-05,Parking,Venta,Lleida,411160,2005-02-15,Joaquín
74,782,2004-10-06,Suelo,Venta,Girona,299996,2005-09-02,María
224,786,2004-10-06,Parking,Venta,Lleida,913248,2005-07-03,Jesús
92,788,2004-10-07,Casa,Venta,Girona,853852,2005-09-25,Carmen
108,790,2004-10-07,Piso,Venta,Tarragona,647460,2005-03-10,Luisa
113,791,2004-10-08,Industrial,Venta,Girona,869196,2005-07-28,Jesús
88,793,2004-10-08,Piso,Venta,Lleida,507320,2005-09-06,María
255,797,2004-10-11,Oficina,Venta,Barcelona,1442280,2005-05-04,Jesús
222,798,2004-10-11,Piso,Venta,Girona,1478742,2005-09-24,Jesús
114,802,2004-10-13,Suelo,Venta,Lleida,1106028,2005-02-27,María
114,804,2004-10-13,Industrial,Venta,Girona,580032,2005-03-28,Jesús
43,806,2004-10-14,Oficina,Venta,Girona,415552,2005-01-16,Luisa
222,809,2004-10-15,Casa,Venta,Tarragona,1292484,2005-10-01,Pedro
51,810,2004-10-15,Industrial,Venta,Barcelona,334305,2005-09-25,Carmen
138,813,2004-10-17,Casa,Venta,Girona,733470,2005-04-04,Pedro
102,819,2004-10-19,Parking,Venta,Barcelona,562632,2005-09-01,Luisa
161,821,2004-10-19,Parking,Venta,Girona,1392006,2005-07-12,María
177,823,2004-10-20,Parking,Venta,Lleida,992793,2005-03-20,Carmen
172,825,2004-10-21,Local,Venta,Tarragona,866880,2005-09-01,Luisa
149,827,2004-10-22,Industrial,Venta,Tarragona,1391809,2005-08-06,Pedro
152,829,2004-10-23,Local,Venta,Lleida,1218888,2005-03-04,Joaquín
143,830,2004-10-24,Local,Venta,Lleida,1409551,2005-04-23,Jesús
115,831,2004-10-24,Parking,Venta,Girona,880900,2005-07-04,Carmen
73,834,2004-10-24,Casa,Venta,Barcelona,592103,2005-03-21,Jesús
168,835,2004-10-25,Parking,Venta,Lleida,1276800,2005-07-25,Carmen
127,837,2004-10-27,Local,Venta,Girona,1021334,2005-05-21,Joaquín
109,839,2004-10-27,Local,Venta,Lleida,1029178,2005-07-13,Joaquín
120,841,2004-10-27,Piso,Venta,Girona,1061160,2005-04-13,Luisa
109,842,2004-10-29,Suelo,Venta,Barcelona,942196,2005-08-31,Joaquín
280,845,2004-10-31,Industrial,Venta,Tarragona,1485680,2005-10-23,Luisa
120,849,2004-11-01,Casa,Venta,Tarragona,1003320,2005-07-18,Carmen
247,856,2004-11-03,Industrial,Venta,Barcelona,995657,2005-06-29,Jesús
65,859,2004-11-03,Suelo,Venta,Barcelona,397540,2005-05-22,Joaquín
108,864,2004-11-06,Industrial,Venta,Girona,553608,2005-02-04,Luisa
136,866,2004-11-07,Parking,Venta,Girona,1054544,2005-09-18,María
82,867,2004-11-07,Suelo,Venta,Tarragona,418692,2005-09-10,Luisa
127,868,2004-11-07,Suelo,Venta,Tarragona,912114,2005-09-20,Joaquín
80,874,2004-11-09,Piso,Venta,Tarragona,458560,2005-02-22,Pedro
114,876,2004-11-09,Industrial,Venta,Tarragona,968658,2005-06-29,María
147,879,2004-11-10,Oficina,Venta,Lleida,1070307,2005-07-10,Pedro
220,882,2004-11-11,Local,Venta,Tarragona,970420,2005-08-28,Luisa
266,883,2004-11-11,Piso,Venta,Girona,1370964,2005-10-22,María
125,884,2004-11-11,Piso,Venta,Girona,590875,2005-09-20,Carmen
133,886,2004-11-12,Piso,Venta,Girona,1191281,2005-06-28,Joaquín
228,893,2004-11-14,Casa,Venta,Tarragona,1115604,2005-09-21,Pedro
58,899,2004-11-16,Local,Venta,Barcelona,315810,2005-06-14,Jesús
62,904,2004-11-17,Piso,Venta,Barcelona,455762,2005-07-25,Pedro
134,908,2004-11-18,Parking,Venta,Girona,933444,2005-04-17,Pedro
127,909,2004-11-18,Industrial,Venta,Tarragona,1204595,2005-04-15,Carmen
48,914,2004-11-20,Piso,Venta,Girona,366480,2005-09-19,Pedro
137,920,2004-11-23,Industrial,Venta,Barcelona,1242042,2005-08-08,Luisa
163,921,2004-11-24,Suelo,Venta,Tarragona,1273030,2005-06-16,Luisa
217,922,2004-11-24,Oficina,Venta,Lleida,1238202,2005-05-11,Joaquín
257,923,2004-11-24,Suelo,Venta,Tarragona,1440742,2005-07-09,Carmen
121,932,2004-11-29,Parking,Venta,Lleida,754435,2005-04-23,Joaquín
158,938,2004-12-01,Local,Venta,Barcelona,766774,2005-03-24,Pedro
68,941,2004-12-02,Industrial,Venta,Barcelona,614244,2005-05-11,Jesús
268,943,2004-12-03,Piso,Venta,Tarragona,1273000,2005-06-16,Carmen
162,945,2004-12-04,Piso,Venta,Tarragona,894888,2005-03-26,Pedro
243,946,2004-12-04,Piso,Venta,Girona,1447551,2005-09-13,Pedro
103,947,2004-12-04,Suelo,Venta,Lleida,474624,2005-03-25,Carmen
65,951,2004-12-06,Oficina,Venta,Barcelona,307255,2005-10-11,Carmen
142,952,2004-12-07,Industrial,Venta,Barcelona,954808,2005-06-18,María
68,954,2004-12-08,Parking,Venta,Lleida,330956,2005-09-18,María
80,956,2004-12-09,Piso,Venta,Tarragona,509840,2005-05-21,Carmen
185,964,2004-12-11,Suelo,Venta,Girona,1038590,2005-07-15,Luisa
56,965,2004-12-11,Industrial,Venta,Girona,525616,2005-08-15,Joaquín
175,967,2004-12-12,Piso,Venta,Girona,722925,2005-03-18,Carmen
200,971,2004-12-14,Piso,Venta,Lleida,1145600,2005-09-22,María
219,972,2004-12-14,Piso,Venta,Girona,1059303,2005-07-27,Joaquín
77,975,2004-12-16,Suelo,Venta,Lleida,409563,2005-07-30,Pedro
115,978,2004-12-17,Casa,Venta,Tarragona,659295,2005-10-09,María
122,980,2004-12-18,Suelo,Venta,Barcelona,589016,2005-10-04,Joaquín
81,989,2004-12-21,Piso,Venta,Lleida,528120,2005-07-09,Joaquín
187,994,2004-12-22,Local,Venta,Girona,1346961,2005-12-20,Joaquín
180,995,2004-12-22,Oficina,Venta,Tarragona,1414800,2005-05-29,Joaquín
67,999,2004-12-23,Industrial,Venta,Girona,430743,2005-06-06,Pedro
250,1001,2004-12-25,Local,Venta,Barcelona,1368750,2005-06-07,Luisa
87,1003,2004-12-25,Parking,Venta,Tarragona,638058,2005-07-19,Jesús
95,1004,2004-12-26,Piso,Venta,Lleida,866780,2005-04-15,Jesús
121,1008,2004-12-27,Casa,Venta,Lleida,622787,2005-05-02,Carmen
211,1010,2004-12-27,Parking,Venta,Girona,945702,2005-12-04,Luisa
173,1012,2004-12-30,Oficina,Venta,Tarragona,1008071,2005-07-21,Jesús
146,1014,2004-12-31,Casa,Venta,Barcelona,1457226,2005-11-05,María
47,1019,2005-01-02,Suelo,Venta,Lleida,369984,2005-08-24,Jesús
105,1023,2005-01-03,Oficina,Venta,Girona,889980,2005-10-16,Pedro
81,1028,2005-01-05,Casa,Venta,Lleida,610416,2005-11-25,Joaquín
162,1040,2005-01-09,Local,Venta,Barcelona,1315440,2005-09-16,Jesús
90,1042,2005-01-10,Suelo,Venta,Tarragona,374310,2005-12-07,María
73,1049,2005-01-12,Oficina,Venta,Barcelona,672987,2005-04-21,Joaquín
120,1050,2005-01-12,Casa,Venta,Tarragona,703680,2005-09-16,Carmen
75,1052,2005-01-12,Casa,Venta,Girona,624600,2005-12-12,María
42,1053,2005-01-13,Industrial,Venta,Girona,224280,2005-07-10,María
90,1057,2005-01-15,Casa,Venta,Barcelona,599850,2005-12-30,María
133,1059,2005-01-16,Oficina,Venta,Girona,573230,2005-09-20,Jesús
80,1060,2005-01-17,Piso,Venta,Barcelona,500560,2005-12-11,Jesús
45,1061,2005-01-17,Industrial,Venta,Barcelona,259515,2005-12-17,Joaquín
68,1062,2005-01-18,Parking,Venta,Tarragona,652052,2005-09-20,Joaquín
108,1067,2005-01-20,Suelo,Venta,Lleida,892620,2005-11-08,Pedro
221,1068,2005-01-21,Parking,Venta,Barcelona,1471197,2005-10-17,Joaquín
108,1069,2005-01-21,Local,Venta,Tarragona,1065744,2005-05-03,Pedro
232,1070,2005-01-21,Parking,Venta,Lleida,1162784,2005-08-23,Pedro
118,1071,2005-01-21,Parking,Venta,Girona,1134452,2005-04-27,Carmen
72,1076,2005-01-23,Parking,Venta,Lleida,298368,2005-04-26,Luisa
91,1079,2005-01-24,Oficina,Venta,Girona,777686,2005-10-19,Luisa
47,1085,2005-01-25,Industrial,Venta,Barcelona,424175,2005-06-19,Joaquín
168,1089,2005-01-27,Industrial,Venta,Barcelona,1081248,2005-06-01,Carmen
110,1091,2005-01-28,Oficina,Venta,Tarragona,943800,2006-01-26,Jesús
139,1094,2005-02-01,Piso,Venta,Barcelona,1187477,2005-05-31,Carmen
64,1096,2005-02-01,Local,Venta,Girona,539392,2005-08-03,Pedro
156,1097,2005-02-01,Oficina,Venta,Tarragona,771108,2005-07-25,Luisa
125,1103,2005-02-03,Local,Venta,Lleida,932250,2005-08-03,María
114,1104,2005-02-03,Oficina,Venta,Lleida,786714,2005-09-04,Luisa
141,1106,2005-02-04,Oficina,Venta,Girona,1279434,2005-09-26,Carmen
110,1110,2005-02-05,Local,Venta,Lleida,924990,2005-09-25,Pedro
157,1113,2005-02-06,Parking,Venta,Tarragona,1323353,2005-07-25,Luisa
76,1114,2005-02-07,Industrial,Venta,Girona,499244,2005-07-04,Luisa
96,1116,2005-02-08,Local,Venta,Lleida,493632,2006-01-13,Jesús
228,1122,2005-02-11,Piso,Venta,Girona,1339044,2005-12-14,Pedro
157,1123,2005-02-11,Oficina,Venta,Girona,879357,2005-05-17,Joaquín
208,1124,2005-02-11,Piso,Venta,Girona,1215344,2005-05-27,Jesús
111,1126,2005-02-13,Piso,Venta,Tarragona,462315,2006-01-13,Luisa
156,1131,2005-02-15,Parking,Venta,Barcelona,795912,2006-01-06,Carmen
132,1133,2005-02-15,Oficina,Venta,Lleida,712404,2005-08-03,Carmen
122,1134,2005-02-15,Local,Venta,Barcelona,879254,2005-06-25,Luisa
67,1136,2005-02-16,Suelo,Venta,Lleida,297882,2006-02-08,Joaquín
75,1137,2005-02-16,Piso,Venta,Lleida,563475,2005-12-25,Pedro
257,1138,2005-02-16,Casa,Venta,Barcelona,1066550,2005-09-23,Carmen
96,1139,2005-02-16,Industrial,Venta,Girona,742176,2005-12-15,Pedro
140,1140,2005-02-16,Suelo,Venta,Tarragona,1318660,2005-10-16,Pedro
230,1142,2005-02-16,Casa,Venta,Tarragona,1033850,2005-10-30,María
198,1146,2005-02-17,Oficina,Venta,Barcelona,1090782,2006-02-01,Joaquín
158,1151,2005-02-18,Local,Venta,Barcelona,1308398,2006-02-05,Carmen
94,1155,2005-02-20,Suelo,Venta,Tarragona,857374,2005-12-11,Carmen
251,1156,2005-02-20,Industrial,Venta,Tarragona,1305200,2005-12-18,Luisa
111,1162,2005-02-22,Local,Venta,Tarragona,698301,2005-10-23,Joaquín
174,1164,2005-02-22,Parking,Venta,Lleida,750984,2005-07-07,Joaquín
152,1167,2005-02-23,Parking,Venta,Lleida,1076464,2005-05-27,Pedro
206,1168,2005-02-24,Piso,Venta,Girona,1136502,2006-01-22,Pedro
120,1171,2005-02-24,Oficina,Venta,Tarragona,647280,2005-09-02,Jesús
83,1173,2005-02-25,Local,Venta,Lleida,463306,2005-09-04,María
72,1174,2005-02-26,Piso,Venta,Lleida,322344,2005-08-03,María
133,1176,2005-02-26,Casa,Venta,Barcelona,1305129,2005-12-22,Joaquín
219,1178,2005-02-27,Parking,Venta,Tarragona,1468614,2005-10-10,Pedro
91,1179,2005-02-27,Casa,Venta,Barcelona,780598,2005-11-07,Jesús
177,1182,2005-03-01,Suelo,Venta,Girona,1203246,2006-02-20,Carmen
236,1185,2005-03-02,Piso,Venta,Barcelona,1388388,2006-02-04,Joaquín
153,1190,2005-03-03,Parking,Venta,Girona,1401633,2005-09-14,Carmen
142,1191,2005-03-03,Industrial,Venta,Barcelona,1256274,2005-07-21,Pedro
124,1196,2005-03-05,Suelo,Venta,Girona,614048,2005-07-13,Joaquín
57,1197,2005-03-06,Suelo,Venta,Tarragona,233358,2005-12-18,Luisa
98,1198,2005-03-06,Piso,Venta,Barcelona,917378,2005-12-06,Pedro
60,1200,2005-03-06,Local,Venta,Barcelona,474600,2005-10-01,Luisa
54,1201,2005-03-07,Suelo,Venta,Tarragona,298350,2005-06-14,Carmen
237,1203,2005-03-07,Industrial,Venta,Lleida,1013175,2006-01-10,Pedro
117,1206,2005-03-07,Suelo,Venta,Barcelona,953316,2005-12-27,María
229,1211,2005-03-09,Local,Venta,Lleida,935694,2005-10-18,Jesús
143,1212,2005-03-10,Casa,Venta,Barcelona,1246960,2005-09-28,Carmen
154,1213,2005-03-10,Casa,Venta,Tarragona,1238006,2005-09-04,María
90,1220,2005-03-12,Parking,Venta,Tarragona,438480,2005-10-23,Joaquín
124,1224,2005-03-13,Parking,Venta,Tarragona,1070740,2005-12-22,Carmen
164,1225,2005-03-14,Parking,Venta,Girona,785068,2006-01-22,Jesús
291,1226,2005-03-14,Piso,Venta,Lleida,1497195,2005-08-17,María
130,1231,2005-03-16,Suelo,Venta,Barcelona,1292980,2005-11-11,Luisa
88,1233,2005-03-17,Parking,Venta,Lleida,820776,2005-08-20,Carmen
116,1234,2005-03-17,Local,Venta,Lleida,848888,2005-07-26,Jesús
116,1236,2005-03-18,Oficina,Venta,Barcelona,841232,2006-01-18,María
192,1238,2005-03-19,Casa,Venta,Girona,820608,2005-07-28,Luisa
149,1239,2005-03-19,Casa,Venta,Lleida,839615,2005-10-05,María
276,1245,2005-03-20,Parking,Venta,Girona,1477428,2005-11-23,María
68,1246,2005-03-21,Parking,Venta,Barcelona,367132,2005-08-31,Joaquín
163,1250,2005-03-23,Piso,Venta,Girona,1362843,2006-01-31,Luisa
126,1252,2005-03-23,Oficina,Venta,Barcelona,867636,2005-11-02,Luisa
127,1254,2005-03-24,Industrial,Venta,Barcelona,757809,2006-02-20,Luisa
40,1255,2005-03-24,Casa,Venta,Girona,354360,2005-10-16,Carmen
117,1257,2005-03-25,Parking,Venta,Girona,1149525,2006-02-27,Pedro
180,1259,2005-03-25,Industrial,Venta,Tarragona,1495260,2005-11-03,Luisa
91,1260,2005-03-26,Industrial,Venta,Barcelona,485849,2005-07-24,Pedro
196,1263,2005-03-27,Casa,Venta,Tarragona,849464,2006-03-26,Jesús
57,1266,2005-03-28,Oficina,Venta,Tarragona,363261,2005-07-24,Joaquín
40,1267,2005-03-29,Parking,Venta,Lleida,349720,2006-02-14,Luisa
138,1269,2005-03-30,Piso,Venta,Barcelona,1307688,2006-02-11,María
124,1279,2005-04-02,Suelo,Venta,Lleida,804884,2005-07-24,Carmen
176,1281,2005-04-04,Piso,Venta,Girona,1004608,2006-01-06,Jesús
102,1282,2005-04-04,Casa,Venta,Tarragona,520914,2005-07-17,Jesús
131,1291,2005-04-06,Industrial,Venta,Tarragona,1273320,2005-11-30,Joaquín
102,1294,2005-04-07,Local,Venta,Barcelona,480318,2006-01-12,Joaquín
89,1296,2005-04-07,Oficina,Venta,Lleida,716272,2005-08-31,Carmen
248,1298,2005-04-08,Industrial,Venta,Barcelona,1179488,2005-12-26,Jesús
71,1300,2005-04-09,Suelo,Venta,Barcelona,309702,2005-08-09,Carmen
130,1303,2005-04-11,Suelo,Venta,Tarragona,657020,2006-01-20,Pedro
102,1304,2005-04-13,Industrial,Venta,Tarragona,627300,2006-03-28,Pedro
91,1305,2005-04-14,Oficina,Venta,Tarragona,778141,2005-09-15,Jesús
149,1308,2005-04-15,Parking,Venta,Lleida,1004707,2006-01-18,Joaquín
93,1317,2005-04-17,Oficina,Venta,Tarragona,375999,2006-01-12,Pedro
48,1324,2005-04-19,Oficina,Venta,Girona,454416,2005-09-25,Pedro
43,1327,2005-04-19,Industrial,Venta,Barcelona,281521,2005-10-27,Jesús
182,1329,2005-04-20,Oficina,Venta,Girona,1367366,2005-07-21,Carmen
176,1331,2005-04-21,Piso,Venta,Tarragona,1435632,2006-03-10,Luisa
42,1333,2005-04-21,Industrial,Venta,Tarragona,287952,2006-01-01,Carmen
229,1335,2005-04-22,Local,Venta,Tarragona,954930,2005-08-15,María
40,1338,2005-04-24,Oficina,Venta,Girona,163920,2006-04-09,Carmen
172,1340,2005-04-24,Oficina,Venta,Tarragona,1033548,2006-01-01,Carmen
132,1341,2005-04-25,Local,Venta,Girona,1007688,2005-12-26,Luisa
115,1347,2005-04-26,Local,Venta,Barcelona,950015,2005-09-26,Pedro
102,1349,2005-04-26,Casa,Venta,Barcelona,892704,2006-01-22,Joaquín
59,1351,2005-04-26,Piso,Venta,Tarragona,505040,2005-09-08,Carmen
189,1352,2005-04-27,Piso,Venta,Girona,1064637,2005-11-29,Jesús
161,1356,2005-04-28,Suelo,Venta,Barcelona,1421308,2005-11-12,Pedro
256,1359,2005-04-29,Parking,Venta,Tarragona,1059328,2006-04-17,Jesús
196,1360,2005-04-29,Parking,Venta,Tarragona,1201480,2005-09-18,María
186,1361,2005-04-30,Local,Venta,Tarragona,1179612,2005-10-06,Carmen
157,1363,2005-04-30,Casa,Venta,Girona,729579,2006-01-01,Joaquín
82,1364,2005-05-01,Industrial,Venta,Lleida,783510,2006-02-13,Joaquín
65,1365,2005-05-01,Casa,Venta,Girona,350155,2005-11-14,María
104,1366,2005-05-01,Suelo,Venta,Tarragona,850720,2006-03-28,Pedro
45,1368,2005-05-02,Oficina,Venta,Tarragona,183105,2005-12-06,Joaquín
214,1374,2005-05-04,Local,Venta,Barcelona,1287210,2005-12-21,Joaquín
175,1375,2005-05-04,Casa,Venta,Girona,1363950,2005-09-11,Jesús
104,1376,2005-05-04,Casa,Venta,Lleida,609128,2005-12-27,María
128,1377,2005-05-05,Industrial,Venta,Tarragona,832000,2005-10-06,Luisa
192,1380,2005-05-06,Industrial,Venta,Girona,958464,2005-08-13,Jesús
248,1382,2005-05-06,Parking,Venta,Tarragona,1352096,2006-03-14,Jesús
167,1383,2005-05-06,Industrial,Venta,Girona,814793,2006-02-27,Luisa
111,1390,2005-05-09,Oficina,Venta,Lleida,924741,2006-03-15,Carmen
44,1393,2005-05-09,Oficina,Venta,Tarragona,305756,2005-11-02,Carmen
166,1399,2005-05-11,Oficina,Venta,Girona,804768,2005-12-04,María
155,1402,2005-05-13,Industrial,Venta,Tarragona,1133050,2006-02-28,Pedro
188,1404,2005-05-15,Local,Venta,Barcelona,1453428,2005-09-14,Joaquín
71,1405,2005-05-15,Parking,Venta,Girona,493166,2005-12-08,Joaquín
185,1408,2005-05-16,Parking,Venta,Barcelona,1384355,2005-11-15,Luisa
80,1410,2005-05-18,Oficina,Venta,Tarragona,662000,2006-04-08,Carmen
159,1413,2005-05-18,Oficina,Venta,Barcelona,742848,2005-10-12,Joaquín
262,1417,2005-05-21,Piso,Venta,Tarragona,1137866,2005-10-23,Joaquín
169,1420,2005-05-21,Oficina,Venta,Tarragona,1040871,2005-09-02,Pedro
63,1425,2005-05-23,Parking,Venta,Barcelona,516159,2006-03-13,Luisa
63,1430,2005-05-25,Industrial,Venta,Lleida,416430,2006-01-09,Pedro
54,1432,2005-05-25,Suelo,Venta,Barcelona,264438,2005-08-23,Joaquín
134,1434,2005-05-27,Parking,Venta,Tarragona,572984,2005-12-30,Jesús
175,1436,2005-05-27,Industrial,Venta,Lleida,1428350,2005-11-08,Jesús
261,1437,2005-05-27,Industrial,Venta,Barcelona,1435239,2006-03-22,Joaquín
108,1438,2005-05-28,Parking,Venta,Lleida,1001376,2006-02-10,Carmen
233,1439,2005-05-28,Industrial,Venta,Girona,1306664,2005-10-30,Luisa
160,1442,2005-05-29,Industrial,Venta,Barcelona,1496320,2006-05-08,María
54,1446,2005-05-30,Parking,Venta,Tarragona,470988,2006-01-02,María
70,1452,2005-06-03,Industrial,Venta,Girona,455000,2005-10-22,Pedro
182,1455,2005-06-04,Casa,Venta,Tarragona,1047774,2006-01-31,Jesús
93,1457,2005-06-05,Oficina,Venta,Lleida,496806,2006-03-17,Joaquín
76,1459,2005-06-05,Industrial,Venta,Girona,456532,2005-09-19,Joaquín
129,1461,2005-06-06,Local,Venta,Girona,563085,2005-12-18,Jesús
80,1462,2005-06-06,Piso,Venta,Lleida,471440,2005-09-28,Luisa
179,1464,2005-06-07,Casa,Venta,Girona,1393157,2005-11-26,Luisa
132,1466,2005-06-08,Suelo,Venta,Barcelona,802428,2006-02-15,Joaquín
51,1479,2005-06-13,Industrial,Venta,Tarragona,417231,2006-03-19,Pedro
124,1480,2005-06-13,Oficina,Venta,Barcelona,1053628,2006-04-13,María
64,1483,2005-06-13,Oficina,Venta,Barcelona,368384,2005-09-15,Jesús
151,1485,2005-06-14,Oficina,Venta,Barcelona,1484028,2006-03-24,Jesús
109,1487,2005-06-15,Casa,Venta,Lleida,537915,2006-05-16,Carmen
144,1489,2005-06-15,Suelo,Venta,Lleida,1323792,2005-09-17,Jesús
112,1490,2005-06-16,Parking,Venta,Barcelona,691712,2006-04-10,Pedro
175,1497,2005-06-18,Piso,Venta,Tarragona,880075,2005-12-15,Jesús
125,1500,2005-06-20,Industrial,Venta,Lleida,595750,2006-03-30,Joaquín
52,1501,2005-06-21,Suelo,Venta,Lleida,317044,2006-04-16,Jesús
120,1502,2005-06-21,Industrial,Venta,Girona,1175160,2005-11-28,Carmen
190,1504,2005-06-21,Industrial,Venta,Girona,778430,2005-11-14,Joaquín
47,1505,2005-06-22,Suelo,Venta,Tarragona,220148,2006-06-14,Jesús
118,1507,2005-06-22,Parking,Venta,Tarragona,716260,2006-04-04,Luisa
163,1510,2005-06-22,Parking,Venta,Tarragona,763329,2006-02-05,Joaquín
199,1513,2005-06-24,Piso,Venta,Lleida,987040,2006-01-11,Luisa
182,1516,2005-06-27,Industrial,Venta,Lleida,805714,2006-03-20,Carmen
74,1519,2005-06-28,Piso,Venta,Lleida,659858,2006-05-27,Carmen
175,1520,2005-06-28,Local,Venta,Lleida,999950,2005-10-30,Carmen
40,1522,2005-06-29,Suelo,Venta,Barcelona,306120,2005-11-24,Carmen
158,1523,2005-06-29,Local,Venta,Lleida,1454232,2006-01-24,Pedro
68,1526,2005-06-30,Oficina,Venta,Girona,586908,2006-05-28,Luisa
50,1527,2005-06-30,Parking,Venta,Tarragona,400600,2005-10-02,María
68,1535,2005-07-04,Suelo,Venta,Tarragona,456756,2005-11-20,Pedro
43,1536,2005-07-04,Parking,Venta,Girona,361759,2005-12-01,Jesús
197,1537,2005-07-04,Piso,Venta,Barcelona,1035826,2006-05-27,Jesús
103,1539,2005-07-04,Oficina,Venta,Tarragona,850368,2005-10-30,Carmen
124,1541,2005-07-06,Local,Venta,Lleida,1045816,2006-03-12,Carmen
53,1543,2005-07-06,Oficina,Venta,Girona,381494,2005-12-27,Luisa
88,1545,2005-07-06,Oficina,Venta,Lleida,866008,2006-06-23,Pedro
214,1547,2005-07-07,Piso,Venta,Barcelona,1258534,2006-01-27,María
108,1552,2005-07-10,Parking,Venta,Barcelona,436428,2006-04-28,Jesús
63,1554,2005-07-11,Suelo,Venta,Barcelona,618786,2006-07-07,Luisa
74,1562,2005-07-15,Local,Venta,Girona,583638,2005-10-17,Luisa
80,1565,2005-07-16,Piso,Venta,Tarragona,533840,2006-05-29,Luisa
127,1571,2005-07-18,Casa,Venta,Barcelona,583692,2006-01-11,Carmen
202,1573,2005-07-18,Local,Venta,Barcelona,1271388,2006-01-10,Joaquín
141,1579,2005-07-20,Suelo,Venta,Tarragona,1207101,2006-02-20,María
110,1580,2005-07-21,Piso,Venta,Tarragona,786830,2005-11-18,Carmen
191,1584,2005-07-22,Industrial,Venta,Girona,916418,2006-02-19,Luisa
203,1585,2005-07-22,Casa,Venta,Girona,1026774,2006-07-04,Pedro
291,1586,2005-07-22,Industrial,Venta,Tarragona,1447434,2006-02-02,María
101,1587,2005-07-23,Parking,Venta,Lleida,478639,2006-01-07,Joaquín
142,1590,2005-07-23,Suelo,Venta,Lleida,682168,2006-05-25,Jesús
207,1592,2005-07-24,Parking,Venta,Barcelona,1107864,2006-05-15,Luisa
80,1594,2005-07-25,Local,Venta,Girona,568880,2005-10-29,Carmen
96,1595,2005-07-25,Parking,Venta,Lleida,645408,2006-05-27,Luisa
136,1601,2005-07-28,Industrial,Venta,Lleida,1309544,2005-11-19,Joaquín
132,1604,2005-07-29,Suelo,Venta,Tarragona,807048,2005-10-31,Carmen
139,1608,2005-08-01,Oficina,Venta,Barcelona,740731,2006-03-14,María
64,1615,2005-08-03,Oficina,Venta,Girona,399488,2005-12-07,Jesús
188,1626,2005-08-05,Local,Venta,Barcelona,1209216,2006-03-14,María
245,1627,2005-08-06,Parking,Venta,Barcelona,1202705,2005-12-10,Jesús
92,1634,2005-08-07,Industrial,Venta,Girona,739864,2006-01-28,Luisa
224,1636,2005-08-08,Suelo,Venta,Girona,1448384,2005-12-20,Joaquín
112,1637,2005-08-08,Parking,Venta,Barcelona,829808,2006-03-29,Joaquín
184,1638,2005-08-08,Piso,Venta,Girona,1156808,2006-04-26,Carmen
184,1646,2005-08-11,Parking,Venta,Girona,1147608,2006-06-29,Luisa
118,1648,2005-08-12,Casa,Venta,Tarragona,545986,2006-02-27,Pedro
119,1649,2005-08-14,Local,Venta,Barcelona,906780,2005-11-21,Carmen
77,1651,2005-08-14,Parking,Venta,Lleida,592823,2006-03-25,Pedro
58,1661,2005-08-17,Oficina,Venta,Barcelona,509356,2006-05-20,Luisa
167,1662,2005-08-17,Piso,Venta,Lleida,1423007,2006-04-08,Carmen
209,1667,2005-08-22,Local,Venta,Barcelona,843106,2006-01-24,María
263,1670,2005-08-23,Local,Venta,Tarragona,1499889,2006-08-08,Pedro
48,1678,2005-08-27,Oficina,Venta,Lleida,474864,2006-02-11,Luisa
91,1679,2005-08-27,Oficina,Venta,Barcelona,663845,2006-04-07,María
284,1681,2005-08-28,Casa,Venta,Girona,1459192,2006-07-02,María
101,1683,2005-08-28,Suelo,Venta,Tarragona,552773,2005-11-28,Luisa
97,1686,2005-08-28,Piso,Venta,Lleida,765815,2006-07-15,María
142,1690,2005-08-30,Parking,Venta,Girona,681884,2006-06-12,Carmen
139,1691,2005-08-30,Casa,Venta,Tarragona,785628,2006-01-10,Jesús
78,1692,2005-08-30,Local,Venta,Lleida,391950,2006-03-14,Jesús
158,1696,2005-08-31,Industrial,Venta,Barcelona,1473982,2006-08-29,Carmen
116,1697,2005-09-01,Industrial,Venta,Girona,1143412,2006-07-03,María
163,1700,2005-09-03,Parking,Venta,Barcelona,1150128,2006-03-18,Joaquín
161,1704,2005-09-06,Industrial,Venta,Barcelona,827057,2006-05-05,María
299,1711,2005-09-08,Local,Venta,Barcelona,1424436,2006-01-17,Carmen
201,1713,2005-09-09,Piso,Venta,Girona,1333434,2006-02-17,María
129,1714,2005-09-09,Suelo,Venta,Barcelona,617652,2006-09-03,Joaquín
187,1716,2005-09-09,Oficina,Venta,Tarragona,1031305,2006-02-17,Joaquín
121,1719,2005-09-10,Industrial,Venta,Lleida,747659,2006-03-08,Pedro
185,1729,2005-09-11,Suelo,Venta,Tarragona,1230990,2006-05-19,Jesús
194,1730,2005-09-12,Oficina,Venta,Tarragona,1490114,2005-12-18,Luisa
66,1732,2005-09-12,Oficina,Venta,Barcelona,415866,2006-07-19,María
140,1733,2005-09-13,Industrial,Venta,Barcelona,864080,2006-02-08,Carmen
94,1737,2005-09-14,Piso,Venta,Barcelona,707914,2006-05-07,Jesús
145,1740,2005-09-16,Local,Venta,Tarragona,598705,2005-12-17,María
79,1741,2005-09-16,Oficina,Venta,Tarragona,441373,2006-02-02,Carmen
70,1742,2005-09-17,Parking,Venta,Girona,428190,2006-02-20,Jesús
51,1744,2005-09-17,Piso,Venta,Tarragona,425646,2005-12-18,Luisa
132,1745,2005-09-17,Casa,Venta,Tarragona,641520,2006-04-04,Joaquín
117,1750,2005-09-21,Local,Venta,Girona,474084,2006-07-21,Luisa
116,1752,2005-09-21,Piso,Venta,Tarragona,803300,2006-09-13,María
55,1754,2005-09-21,Piso,Venta,Lleida,433235,2006-03-23,Carmen
182,1755,2005-09-22,Casa,Venta,Barcelona,1305304,2006-06-06,Luisa
82,1767,2005-09-29,Parking,Venta,Lleida,764240,2006-01-15,Pedro
134,1769,2005-10-01,Oficina,Venta,Tarragona,549668,2006-08-10,Pedro
164,1770,2005-10-01,Piso,Venta,Barcelona,878712,2006-01-21,María
132,1773,2005-10-01,Casa,Venta,Barcelona,850476,2006-05-20,Jesús
193,1774,2005-10-01,Casa,Venta,Lleida,1033515,2005-12-30,Pedro
53,1775,2005-10-01,Local,Venta,Girona,446313,2006-08-16,Pedro
180,1780,2005-10-02,Casa,Venta,Barcelona,979560,2006-06-09,María
55,1781,2005-10-02,Casa,Venta,Barcelona,264385,2006-07-27,Joaquín
61,1785,2005-10-03,Oficina,Venta,Tarragona,257725,2006-02-27,Jesús
82,1786,2005-10-03,Casa,Venta,Lleida,359406,2006-09-28,Pedro
85,1788,2005-10-03,Parking,Venta,Girona,658835,2006-07-14,Luisa
106,1792,2005-10-05,Local,Venta,Barcelona,804540,2006-10-02,Pedro
224,1795,2005-10-05,Oficina,Venta,Barcelona,1420160,2006-05-03,Jesús
160,1800,2005-10-06,Industrial,Venta,Lleida,1319520,2006-08-02,Jesús
127,1801,2005-10-06,Piso,Venta,Tarragona,1204722,2006-07-29,Joaquín
158,1802,2005-10-07,Oficina,Venta,Barcelona,909606,2006-06-19,Carmen
116,1804,2005-10-07,Suelo,Venta,Barcelona,857936,2006-01-23,Luisa
264,1806,2005-10-08,Industrial,Venta,Tarragona,1133352,2006-02-02,Pedro
129,1808,2005-10-09,Local,Venta,Lleida,735945,2006-06-08,Joaquín
64,1810,2005-10-11,Industrial,Venta,Barcelona,480384,2006-05-15,Carmen
215,1811,2005-10-12,Oficina,Venta,Lleida,1473180,2006-05-12,Pedro
124,1812,2005-10-12,Oficina,Venta,Barcelona,945624,2006-05-22,Joaquín
120,1816,2005-10-12,Industrial,Venta,Tarragona,1050000,2006-02-05,Pedro
76,1817,2005-10-13,Industrial,Venta,Girona,368676,2006-09-29,Luisa
122,1820,2005-10-14,Industrial,Venta,Lleida,497272,2006-08-16,Luisa
84,1822,2005-10-15,Casa,Venta,Girona,437640,2006-02-09,María
228,1826,2005-10-16,Suelo,Venta,Barcelona,994536,2006-03-27,Joaquín
145,1827,2005-10-16,Oficina,Venta,Girona,1169860,2006-05-06,Joaquín
156,1831,2005-10-17,Oficina,Venta,Tarragona,991224,2006-05-30,Carmen
70,1835,2005-10-19,Oficina,Venta,Tarragona,511840,2006-03-20,María
266,1848,2005-10-27,Oficina,Venta,Girona,1327606,2006-05-02,María
160,1849,2005-10-28,Casa,Venta,Girona,781120,2006-04-10,Pedro
162,1851,2005-10-28,Parking,Venta,Tarragona,957582,2006-03-24,Joaquín
160,1855,2005-10-29,Casa,Venta,Girona,1263040,2006-02-08,Jesús
82,1863,2005-11-02,Suelo,Venta,Tarragona,417872,2006-03-23,Luisa
71,1865,2005-11-03,Casa,Venta,Lleida,299407,2006-04-05,María
70,1866,2005-11-03,Suelo,Venta,Lleida,540890,2006-06-12,Jesús
111,1867,2005-11-03,Parking,Venta,Tarragona,514596,2006-05-27,Luisa
69,1868,2005-11-04,Suelo,Venta,Girona,667299,2006-10-25,Luisa
259,1869,2005-11-04,Piso,Venta,Girona,1074332,2006-02-09,Joaquín
119,1871,2005-11-05,Oficina,Venta,Girona,523481,2006-10-29,Luisa
128,1874,2005-11-07,Piso,Venta,Lleida,706560,2006-04-16,Carmen
93,1875,2005-11-07,Oficina,Venta,Lleida,589155,2006-04-22,Carmen
171,1877,2005-11-08,Oficina,Venta,Tarragona,1093887,2006-04-09,Pedro
170,1878,2005-11-08,Local,Venta,Girona,974610,2006-08-18,María
59,1879,2005-11-08,Piso,Venta,Tarragona,265913,2006-05-13,Luisa
225,1885,2005-11-12,Suelo,Venta,Tarragona,1300500,2006-07-24,Carmen
156,1887,2005-11-13,Parking,Venta,Barcelona,692484,2006-02-19,Pedro
68,1888,2005-11-13,Suelo,Venta,Tarragona,392972,2006-07-27,Pedro
154,1892,2005-11-13,Industrial,Venta,Tarragona,1380764,2006-05-04,Carmen
46,1894,2005-11-14,Parking,Venta,Girona,426880,2006-05-16,Luisa
191,1896,2005-11-14,Oficina,Venta,Lleida,804683,2006-02-14,María
277,1900,2005-11-16,Local,Venta,Tarragona,1116587,2006-10-01,Carmen
145,1903,2005-11-19,Parking,Venta,Barcelona,1213505,2006-11-05,Pedro
106,1907,2005-11-20,Suelo,Venta,Tarragona,501380,2006-10-16,Jesús
51,1908,2005-11-21,Parking,Venta,Lleida,472668,2006-04-04,María
95,1912,2005-11-22,Industrial,Venta,Girona,783370,2006-09-04,Jesús
58,1917,2005-11-23,Local,Venta,Tarragona,426010,2006-03-09,Joaquín
45,1918,2005-11-23,Parking,Venta,Girona,301815,2006-10-19,Joaquín
87,1921,2005-11-24,Oficina,Venta,Girona,655893,2006-03-09,Jesús
223,1922,2005-11-24,Casa,Venta,Tarragona,1360523,2006-03-02,Jesús
88,1932,2005-11-27,Local,Venta,Girona,795696,2006-05-24,María
188,1937,2005-11-28,Suelo,Venta,Girona,1265992,2006-10-21,Luisa
154,1938,2005-11-29,Local,Venta,Tarragona,783860,2006-05-10,Carmen
102,1940,2005-11-30,Industrial,Venta,Girona,941154,2006-08-11,Pedro
289,1943,2005-12-01,Oficina,Venta,Lleida,1406563,2006-08-10,Jesús
85,1949,2005-12-05,Piso,Venta,Barcelona,693515,2006-03-31,Luisa
67,1950,2005-12-05,Industrial,Venta,Barcelona,324213,2006-04-10,Luisa
264,1954,2005-12-06,Industrial,Venta,Lleida,1346136,2006-10-25,Joaquín
150,1955,2005-12-07,Casa,Venta,Barcelona,753900,2006-03-30,María
202,1956,2005-12-07,Industrial,Venta,Girona,1028382,2006-05-07,Pedro
203,1959,2005-12-09,Casa,Venta,Tarragona,1002211,2006-10-04,María
171,1961,2005-12-09,Suelo,Venta,Barcelona,807120,2006-11-21,Pedro
116,1964,2005-12-13,Piso,Venta,Girona,804344,2006-04-29,María
66,1966,2005-12-13,Local,Venta,Barcelona,270996,2006-07-04,Luisa
106,1970,2005-12-16,Casa,Venta,Barcelona,856692,2006-06-12,María
67,1973,2005-12-17,Parking,Venta,Girona,490507,2006-04-01,María
165,1976,2005-12-17,Local,Venta,Barcelona,1393095,2006-12-15,Carmen
162,1978,2005-12-19,Casa,Venta,Tarragona,696762,2006-07-06,Pedro
248,1982,2005-12-21,Piso,Venta,Barcelona,1036392,2006-12-03,Luisa
110,1984,2005-12-21,Oficina,Venta,Tarragona,701250,2006-11-11,Luisa
116,1992,2005-12-22,Industrial,Venta,Lleida,984144,2006-06-04,Luisa
86,1994,2005-12-23,Casa,Venta,Girona,651192,2006-04-23,Luisa
206,1997,2005-12-23,Casa,Venta,Tarragona,1058840,2006-04-02,Jesús
96,2000,2005-12-25,Oficina,Venta,Tarragona,456672,2006-07-01,Pedro
265,2001,2005-12-25,Suelo,Venta,Barcelona,1348055,2006-07-19,Joaquín
158,2010,2005-12-27,Piso,Venta,Barcelona,1040746,2006-09-25,Luisa
94,2012,2005-12-30,Piso,Venta,Tarragona,924866,2006-12-23,Jesús
262,2015,2005-12-30,Parking,Venta,Girona,1407726,2006-11-01,María
75,2018,2006-01-01,Industrial,Venta,Barcelona,545925,2006-09-08,Joaquín
129,2022,2006-01-02,Industrial,Venta,Tarragona,588756,2006-09-05,Carmen
141,2023,2006-01-02,Local,Venta,Girona,763233,2006-12-26,Luisa
41,2027,2006-01-03,Industrial,Venta,Girona,368959,2006-08-29,Carmen
122,2028,2006-01-03,Local,Venta,Barcelona,680760,2006-05-01,María
233,2031,2006-01-03,Parking,Venta,Lleida,1450425,2006-07-16,Luisa
116,2032,2006-01-03,Industrial,Venta,Girona,616192,2006-05-21,María
90,2036,2006-01-05,Parking,Venta,Barcelona,446940,2006-06-26,María
110,2037,2006-01-06,Local,Venta,Barcelona,700700,2006-04-20,Pedro
199,2039,2006-01-06,Parking,Venta,Barcelona,1139076,2006-06-21,Joaquín
120,2041,2006-01-07,Industrial,Venta,Tarragona,823200,2006-09-02,María
80,2042,2006-01-08,Suelo,Venta,Barcelona,539280,2006-08-01,María
170,2048,2006-01-10,Local,Venta,Tarragona,1102280,2006-08-05,Pedro
130,2051,2006-01-11,Parking,Venta,Tarragona,1275560,2006-11-13,María
207,2060,2006-01-13,Oficina,Venta,Barcelona,1437408,2006-08-21,María
274,2063,2006-01-13,Suelo,Venta,Barcelona,1450556,2006-09-03,María
148,2065,2006-01-14,Casa,Venta,Tarragona,873200,2006-09-26,Pedro
93,2072,2006-01-15,Casa,Venta,Barcelona,808170,2006-07-03,Jesús
80,2074,2006-01-16,Industrial,Venta,Barcelona,363280,2006-12-19,Pedro
209,2075,2006-01-16,Local,Venta,Lleida,1355365,2006-07-01,Joaquín
267,2076,2006-01-17,Piso,Venta,Barcelona,1074675,2006-10-20,Carmen
66,2081,2006-01-18,Local,Venta,Girona,500610,2006-05-15,Luisa
101,2088,2006-01-21,Industrial,Venta,Lleida,674276,2006-10-30,Luisa
171,2091,2006-01-23,Suelo,Venta,Lleida,1298403,2006-08-31,Carmen
85,2092,2006-01-23,Suelo,Venta,Girona,472685,2006-09-01,Pedro
40,2095,2006-01-23,Local,Venta,Lleida,272880,2006-09-01,María
144,2099,2006-01-24,Local,Venta,Lleida,1247760,2006-08-03,Luisa
80,2100,2006-01-24,Casa,Venta,Lleida,727680,2006-07-12,Joaquín
197,2102,2006-01-24,Local,Venta,Tarragona,1489911,2006-04-24,Carmen
84,2107,2006-01-25,Industrial,Venta,Lleida,816228,2006-12-22,Jesús
139,2108,2006-01-26,Oficina,Venta,Tarragona,1197485,2007-01-24,Pedro
91,2109,2006-01-26,Casa,Venta,Lleida,528892,2006-12-14,María
81,2112,2006-01-26,Parking,Venta,Tarragona,709560,2006-06-28,Joaquín
246,2118,2006-01-29,Industrial,Venta,Lleida,1285842,2006-08-09,Jesús
56,2123,2006-01-31,Local,Venta,Barcelona,550816,2006-12-03,Jesús
89,2124,2006-02-01,Parking,Venta,Lleida,475171,2006-10-12,Luisa
95,2125,2006-02-01,Casa,Venta,Barcelona,650750,2006-09-24,Carmen
157,2127,2006-02-01,Piso,Venta,Lleida,1409546,2007-01-05,Pedro
168,2130,2006-02-02,Piso,Venta,Lleida,928368,2006-12-25,Jesús
40,2133,2006-02-03,Casa,Venta,Barcelona,190280,2006-11-22,Joaquín
68,2136,2006-02-04,Piso,Venta,Tarragona,669664,2006-05-29,Jesús
216,2137,2006-02-04,Local,Venta,Tarragona,1204200,2007-01-17,Joaquín
108,2138,2006-02-04,Parking,Venta,Girona,1041120,2006-05-07,Pedro
46,2145,2006-02-07,Oficina,Venta,Tarragona,224342,2006-06-14,Jesús
95,2146,2006-02-07,Piso,Venta,Tarragona,570760,2006-07-01,María
104,2147,2006-02-07,Casa,Venta,Barcelona,682240,2006-08-30,Jesús
43,2151,2006-02-09,Local,Venta,Lleida,303365,2006-12-24,Pedro
293,2152,2006-02-09,Piso,Venta,Barcelona,1298869,2006-07-11,Jesús
96,2158,2006-02-11,Casa,Venta,Tarragona,652896,2006-11-07,Joaquín
233,2159,2006-02-11,Oficina,Venta,Barcelona,1157544,2006-06-10,Jesús
62,2164,2006-02-12,Oficina,Venta,Tarragona,506540,2006-10-08,Joaquín
83,2165,2006-02-13,Casa,Venta,Barcelona,444299,2007-01-18,Joaquín
149,2167,2006-02-15,Suelo,Venta,Barcelona,1436211,2007-02-01,María
127,2179,2006-02-17,Oficina,Venta,Girona,928243,2006-05-25,María
153,2181,2006-02-17,Suelo,Venta,Lleida,1140156,2006-06-30,Joaquín
126,2182,2006-02-18,Industrial,Venta,Tarragona,1031058,2006-09-13,Carmen
55,2183,2006-02-18,Local,Venta,Tarragona,262185,2007-02-02,Joaquín
249,2192,2006-02-21,Casa,Venta,Lleida,1307250,2006-11-20,Luisa
168,2195,2006-02-22,Casa,Venta,Lleida,850752,2006-07-12,Joaquín
160,2197,2006-02-22,Oficina,Venta,Lleida,800160,2006-10-12,Jesús
110,2198,2006-02-22,Local,Venta,Barcelona,704770,2007-01-17,Pedro
193,2199,2006-02-22,Industrial,Venta,Tarragona,982563,2006-05-26,Pedro
135,2202,2006-02-24,Parking,Venta,Barcelona,764505,2006-06-10,Pedro
166,2205,2006-02-27,Industrial,Venta,Lleida,685082,2007-02-02,Joaquín
121,2206,2006-02-28,Casa,Venta,Girona,1002122,2006-07-13,Pedro
100,2208,2006-02-28,Industrial,Venta,Tarragona,888900,2006-08-02,Joaquín
146,2211,2006-03-01,Local,Venta,Lleida,1095146,2006-10-21,María
287,2212,2006-03-01,Local,Venta,Barcelona,1351196,2006-06-18,Jesús
130,2217,2006-03-03,Local,Venta,Tarragona,703950,2006-10-28,María
131,2227,2006-03-06,Casa,Venta,Girona,732028,2006-07-04,Pedro
176,2228,2006-03-06,Suelo,Venta,Tarragona,1463264,2006-12-21,Pedro
62,2235,2006-03-08,Suelo,Venta,Barcelona,500836,2007-02-16,Joaquín
138,2236,2006-03-08,Piso,Venta,Tarragona,1343844,2007-01-01,Carmen
248,2237,2006-03-08,Industrial,Venta,Tarragona,1460224,2007-01-26,María
52,2240,2006-03-09,Casa,Venta,Girona,503828,2006-09-26,Jesús
84,2242,2006-03-11,Industrial,Venta,Tarragona,708792,2007-02-26,Luisa
143,2248,2006-03-13,Casa,Venta,Barcelona,616044,2007-01-19,Carmen
229,2249,2006-03-14,Suelo,Venta,Girona,1243699,2007-02-11,María
48,2252,2006-03-15,Parking,Venta,Lleida,400512,2006-07-22,Pedro
151,2267,2006-03-21,Local,Venta,Barcelona,776442,2006-08-21,Jesús
185,2269,2006-03-23,Industrial,Venta,Tarragona,867465,2007-02-05,María
202,2270,2006-03-23,Oficina,Venta,Girona,823150,2007-01-31,Jesús
114,2275,2006-03-26,Suelo,Venta,Tarragona,461130,2006-12-26,Joaquín
66,2279,2006-03-28,Oficina,Venta,Tarragona,328482,2006-12-14,Joaquín
76,2282,2006-03-29,Casa,Venta,Tarragona,385396,2007-02-17,Jesús
203,2285,2006-03-30,Piso,Venta,Girona,875336,2006-08-28,María
108,2286,2006-03-30,Local,Venta,Lleida,780516,2006-10-07,Joaquín
134,2288,2006-03-30,Industrial,Venta,Girona,780148,2006-08-23,Joaquín
111,2289,2006-03-31,Industrial,Venta,Barcelona,882783,2006-09-07,María
97,2290,2006-03-31,Piso,Venta,Lleida,950891,2007-03-13,Luisa
283,2291,2006-03-31,Piso,Venta,Girona,1227937,2006-12-31,Joaquín
295,2292,2006-03-31,Suelo,Venta,Barcelona,1490930,2007-03-14,Joaquín
102,2293,2006-04-01,Local,Venta,Tarragona,828138,2006-11-12,Carmen
112,2294,2006-04-01,Suelo,Venta,Tarragona,485520,2006-12-08,Luisa
155,2295,2006-04-01,Local,Venta,Barcelona,1425690,2006-11-08,Jesús
118,2298,2006-04-01,Oficina,Venta,Tarragona,733134,2007-01-21,Jesús
128,2300,2006-04-02,Oficina,Venta,Tarragona,1213312,2006-11-02,María
185,2304,2006-04-04,Local,Venta,Barcelona,779220,2006-10-26,María
150,2306,2006-04-04,Piso,Venta,Lleida,1267950,2006-09-15,Jesús
82,2310,2006-04-06,Suelo,Venta,Girona,593352,2006-11-25,Joaquín
151,2317,2006-04-08,Parking,Venta,Tarragona,737635,2007-03-12,Carmen
179,2318,2006-04-08,Suelo,Venta,Tarragona,809080,2006-09-01,Jesús
47,2319,2006-04-09,Piso,Venta,Lleida,313537,2007-01-05,Joaquín
141,2323,2006-04-09,Local,Venta,Tarragona,1058628,2007-01-29,Luisa
182,2324,2006-04-10,Piso,Venta,Girona,1400308,2007-01-07,Joaquín
89,2326,2006-04-10,Casa,Venta,Girona,729444,2006-12-27,Luisa
161,2327,2006-04-11,Industrial,Venta,Tarragona,1240827,2007-03-05,Carmen
180,2332,2006-04-12,Industrial,Venta,Lleida,984780,2006-09-01,Joaquín
135,2333,2006-04-13,Industrial,Venta,Lleida,973890,2007-01-09,Joaquín
211,2339,2006-04-16,Local,Venta,Lleida,958151,2007-02-01,Carmen
220,2341,2006-04-17,Piso,Venta,Girona,1282820,2006-11-25,Carmen
244,2342,2006-04-17,Suelo,Venta,Lleida,1386164,2007-03-27,María
143,2346,2006-04-21,Industrial,Venta,Lleida,1258972,2006-12-03,Luisa
205,2347,2006-04-21,Oficina,Venta,Girona,886215,2006-12-05,Carmen
107,2349,2006-04-22,Casa,Venta,Girona,668322,2007-04-13,María
62,2350,2006-04-22,Oficina,Venta,Lleida,433008,2006-10-20,Carmen
160,2353,2006-04-22,Oficina,Venta,Barcelona,745600,2007-01-06,Joaquín
134,2368,2006-04-29,Casa,Venta,Lleida,1024698,2006-11-09,Jesús
239,2374,2006-05-01,Piso,Venta,Lleida,1264310,2007-02-15,Carmen
138,2375,2006-05-01,Local,Venta,Girona,686826,2007-04-30,María
233,2379,2006-05-02,Piso,Venta,Barcelona,1220454,2007-04-18,Carmen
148,2382,2006-05-03,Casa,Venta,Barcelona,749472,2006-10-26,María
91,2384,2006-05-03,Casa,Venta,Girona,680043,2007-02-03,Pedro
106,2388,2006-05-05,Parking,Venta,Lleida,594130,2006-12-03,Carmen
92,2392,2006-05-08,Oficina,Venta,Lleida,783380,2007-05-07,María
171,2394,2006-05-09,Industrial,Venta,Girona,708795,2007-04-07,Carmen
106,2399,2006-05-12,Piso,Venta,Tarragona,729280,2007-03-22,Jesús
221,2404,2006-05-13,Oficina,Venta,Girona,1356498,2006-10-10,Luisa
139,2407,2006-05-14,Local,Venta,Barcelona,560170,2006-08-27,Jesús
67,2410,2006-05-15,Parking,Venta,Tarragona,615663,2007-03-24,Jesús
201,2411,2006-05-15,Industrial,Venta,Tarragona,1163388,2007-01-24,Joaquín
179,2416,2006-05-16,Suelo,Venta,Girona,832529,2006-09-29,Jesús
184,2417,2006-05-17,Local,Venta,Girona,1113016,2007-01-15,María
213,2427,2006-05-21,Parking,Venta,Barcelona,928041,2006-12-10,Luisa
203,2433,2006-05-22,Piso,Venta,Girona,1315846,2007-02-27,Carmen
61,2436,2006-05-25,Suelo,Venta,Girona,380274,,
129,2438,2006-05-26,Piso,Venta,Lleida,818505,2006-08-30,Carmen
106,2447,2006-05-28,Piso,Venta,Girona,922200,2007-03-16,Pedro
65,2451,2006-05-30,Oficina,Venta,Barcelona,458640,2006-11-26,Joaquín
83,2452,2006-05-30,Suelo,Venta,Lleida,825518,2007-04-29,Joaquín
181,2453,2006-05-30,Local,Venta,Tarragona,1438226,2006-12-27,Pedro
190,2455,2006-05-31,Casa,Venta,Tarragona,1410370,2006-11-01,María
156,2456,2006-05-31,Casa,Venta,Barcelona,916500,2006-09-11,Joaquín
234,2457,2006-06-01,Piso,Venta,Lleida,1305720,2006-08-31,Luisa
270,2459,2006-06-01,Casa,Venta,Lleida,1097010,2007-04-02,María
246,2462,2006-06-02,Piso,Venta,Lleida,1044762,2007-03-22,María
110,2463,2006-06-03,Piso,Venta,Girona,1026300,2007-02-08,Luisa
122,2465,2006-06-03,Industrial,Venta,Lleida,1107028,2006-11-19,Pedro
57,2468,2006-06-04,Piso,Venta,Barcelona,360696,2007-02-05,Pedro
129,2470,2006-06-04,Parking,Venta,Girona,616878,2006-11-21,María
166,2472,2006-06-05,Oficina,Venta,Tarragona,1068376,2007-03-14,Carmen
126,2474,2006-06-06,Local,Venta,Lleida,1199394,2006-12-08,Carmen
73,2479,2006-06-06,Parking,Venta,Tarragona,395879,2007-02-08,Jesús
215,2482,2006-06-06,Industrial,Venta,Barcelona,984915,2006-12-07,María
115,2486,2006-06-08,Casa,Venta,Girona,1147585,2006-11-13,Joaquín
160,2491,2006-06-10,Local,Venta,Girona,1368480,2007-01-07,Joaquín
90,2492,2006-06-10,Local,Venta,Girona,872280,2007-04-17,Joaquín
77,2494,2006-06-11,Casa,Venta,Girona,745822,2006-12-21,Jesús
98,2495,2006-06-11,Piso,Venta,Girona,918652,,
149,2496,2006-06-11,Piso,Venta,Barcelona,701492,2006-11-02,Carmen
165,2500,2006-06-11,Oficina,Venta,Barcelona,1204005,2007-01-23,María
89,2502,2006-06-13,Suelo,Venta,Tarragona,422750,,
219,2507,2006-06-15,Oficina,Venta,Lleida,958563,,
204,2508,2006-06-15,Suelo,Venta,Girona,1267452,,
146,2510,2006-06-16,Suelo,Venta,Barcelona,954986,2007-04-23,María
180,2513,2006-06-17,Casa,Venta,Barcelona,887940,2006-10-12,Jesús
134,2514,2006-06-17,Industrial,Venta,Lleida,1083256,2007-01-05,Jesús
91,2524,2006-06-22,Industrial,Venta,Tarragona,885339,2006-09-28,Pedro
66,2532,2006-06-25,Piso,Venta,Tarragona,373032,,
246,2534,2006-06-25,Oficina,Venta,Girona,1087812,2006-10-24,Jesús
99,2535,2006-06-26,Piso,Venta,Lleida,819621,2006-10-11,Pedro
46,2543,2006-06-30,Industrial,Venta,Girona,373106,,
250,2556,2006-07-04,Oficina,Venta,Barcelona,1298500,2006-11-24,Joaquín
136,2560,2006-07-07,Piso,Venta,Girona,580856,,
144,2562,2006-07-07,Industrial,Venta,Girona,598320,,
103,2564,2006-07-08,Local,Venta,Girona,766320,2007-04-24,Jesús
81,2566,2006-07-09,Oficina,Venta,Barcelona,654885,2006-11-13,Pedro
157,2567,2006-07-09,Suelo,Venta,Barcelona,914839,2006-10-21,Jesús
93,2570,2006-07-10,Parking,Venta,Barcelona,512430,2007-04-28,Carmen
191,2571,2006-07-10,Suelo,Venta,Tarragona,1127473,2007-04-01,Luisa
169,2572,2006-07-10,Industrial,Venta,Tarragona,1154101,,
138,2573,2006-07-11,Industrial,Venta,Lleida,668748,2007-01-19,Carmen
58,2575,2006-07-13,Oficina,Venta,Lleida,409712,,
167,2576,2006-07-13,Suelo,Venta,Barcelona,888941,2007-04-19,Luisa
130,2581,2006-07-16,Oficina,Venta,Girona,1061710,2007-03-11,Pedro
101,2582,2006-07-16,Casa,Venta,Girona,889608,2007-01-13,María
213,2591,2006-07-19,Suelo,Venta,Tarragona,1359579,2007-02-24,Carmen
150,2592,2006-07-19,Parking,Venta,Girona,1076250,2006-11-05,Carmen
68,2597,2006-07-21,Suelo,Venta,Girona,489600,2007-03-17,Jesús
64,2600,2006-07-22,Parking,Venta,Barcelona,485824,2007-02-24,María
200,2601,2006-07-22,Parking,Venta,Girona,1021000,2006-11-20,Joaquín
98,2603,2006-07-23,Parking,Venta,Girona,497546,2006-12-24,Luisa
112,2604,2006-07-24,Oficina,Venta,Barcelona,670208,2007-02-25,María
143,2610,2006-07-27,Oficina,Venta,Barcelona,1365936,2007-03-13,María
65,2612,2006-07-27,Oficina,Venta,Girona,598195,2006-10-30,Joaquín
84,2618,2006-07-29,Industrial,Venta,Lleida,769860,2007-01-02,Joaquín
194,2621,2006-07-31,Suelo,Venta,Tarragona,1476534,2006-11-27,Luisa
277,2625,2006-08-01,Local,Venta,Tarragona,1232927,,
97,2626,2006-08-01,Suelo,Venta,Girona,515555,,
259,2627,2006-08-02,Suelo,Venta,Girona,1202537,2007-04-16,María
115,2633,2006-08-04,Piso,Venta,Tarragona,880440,2007-01-21,María
249,2637,2006-08-07,Parking,Venta,Girona,1422537,2007-04-02,Luisa
211,2639,2006-08-08,Parking,Venta,Girona,1456322,2006-11-23,Carmen
78,2640,2006-08-08,Local,Venta,Tarragona,596778,2006-12-06,Pedro
133,2641,2006-08-08,Oficina,Venta,Girona,1053227,2007-01-30,Jesús
232,2645,2006-08-10,Casa,Venta,Lleida,1341656,2006-12-01,Joaquín
112,2649,2006-08-11,Casa,Venta,Girona,1093456,2007-01-24,Pedro
275,2650,2006-08-11,Piso,Venta,Tarragona,1324125,2006-12-31,Carmen
98,2652,2006-08-13,Local,Venta,Tarragona,957264,,
110,2653,2006-08-13,Parking,Venta,Barcelona,643060,2006-12-24,Carmen
118,2655,2006-08-13,Suelo,Venta,Lleida,891136,,
73,2659,2006-08-14,Oficina,Venta,Tarragona,395149,,
81,2661,2006-08-16,Oficina,Venta,Girona,557604,2006-12-17,Carmen
179,2662,2006-08-17,Local,Venta,Lleida,954249,2006-12-21,Carmen
164,2664,2006-08-19,Parking,Venta,Lleida,1165548,,
84,2668,2006-08-21,Piso,Venta,Tarragona,554148,,
165,2669,2006-08-22,Industrial,Venta,Girona,889350,2007-01-11,Carmen
99,2671,2006-08-22,Parking,Venta,Lleida,925749,,
128,2672,2006-08-22,Local,Venta,Barcelona,996096,2007-04-27,Luisa
173,2674,2006-08-23,Casa,Venta,Barcelona,760854,2007-03-13,Jesús
41,2675,2006-08-23,Piso,Venta,Barcelona,219145,2006-12-21,Carmen
214,2677,2006-08-24,Suelo,Venta,Lleida,1114940,,
228,2680,2006-08-25,Local,Venta,Tarragona,1096452,2007-03-31,Luisa
220,2688,2006-08-28,Parking,Venta,Girona,1230240,,
70,2699,2006-09-01,Piso,Venta,Tarragona,634130,2007-02-19,Joaquín
179,2700,2006-09-02,Piso,Venta,Girona,1025491,,
203,2701,2006-09-03,Suelo,Venta,Girona,1191610,2006-12-24,María
51,2707,2006-09-05,Piso,Venta,Tarragona,351492,2007-01-26,María
245,2718,2006-09-08,Oficina,Venta,Tarragona,1349705,,
188,2720,2006-09-09,Casa,Venta,Lleida,918380,,
48,2721,2006-09-09,Parking,Venta,Tarragona,256992,,
202,2724,2006-09-10,Parking,Venta,Lleida,874256,,
100,2726,2006-09-11,Piso,Venta,Tarragona,545100,2007-01-11,Pedro
183,2729,2006-09-12,Oficina,Venta,Lleida,920490,,
68,2730,2006-09-13,Parking,Venta,Barcelona,583236,,
225,2732,2006-09-14,Oficina,Venta,Lleida,1239525,,
151,2735,2006-09-15,Oficina,Venta,Lleida,1057755,,
144,2741,2006-09-19,Industrial,Venta,Barcelona,672192,2007-02-15,María
182,2742,2006-09-19,Suelo,Venta,Lleida,1298752,,
137,2743,2006-09-19,Piso,Venta,Tarragona,578688,,
164,2745,2006-09-19,Oficina,Venta,Barcelona,1040252,2007-01-02,Carmen
131,2746,2006-09-20,Suelo,Venta,Barcelona,1134984,,
132,2748,2006-09-20,Industrial,Venta,Tarragona,579348,2006-12-31,Carmen
211,2749,2006-09-21,Casa,Venta,Lleida,1326135,,
138,2753,2006-09-22,Suelo,Venta,Lleida,1317210,2007-01-07,María
261,2756,2006-09-23,Oficina,Venta,Girona,1475172,,
98,2758,2006-09-25,Piso,Venta,Lleida,458346,,
135,2763,2006-09-27,Oficina,Venta,Lleida,1345545,2007-05-07,Luisa
115,2765,2006-09-28,Suelo,Venta,Lleida,1094225,,
142,2769,2006-09-30,Casa,Venta,Girona,1194078,2007-03-30,Joaquín
77,2771,2006-10-02,Industrial,Venta,Girona,496881,2007-02-01,Luisa
192,2775,2006-10-03,Local,Venta,Barcelona,1484544,,
145,2778,2006-10-04,Piso,Venta,Lleida,949025,2007-01-20,Joaquín
157,2780,2006-10-05,Industrial,Venta,Girona,1242498,2007-03-26,Luisa
95,2781,2006-10-05,Suelo,Venta,Tarragona,724090,,
182,2782,2006-10-05,Industrial,Venta,Barcelona,896532,,
223,2783,2006-10-06,Local,Venta,Tarragona,985883,2007-04-14,Luisa
51,2785,2006-10-07,Suelo,Venta,Girona,288966,,
215,2786,2006-10-07,Suelo,Venta,Tarragona,1015015,2007-03-03,Carmen
123,2787,2006-10-07,Casa,Venta,Tarragona,1211427,2007-04-09,Jesús
99,2791,2006-10-08,Piso,Venta,Barcelona,914463,2007-01-22,Jesús
250,2793,2006-10-09,Casa,Venta,Girona,1370500,,
57,2794,2006-10-09,Casa,Venta,Girona,360582,,
64,2802,2006-10-13,Oficina,Venta,Lleida,594880,2007-04-06,Luisa
133,2807,2006-10-14,Piso,Venta,Barcelona,1066527,2007-04-30,Luisa
85,2812,2006-10-16,Local,Venta,Tarragona,839630,,
181,2815,2006-10-17,Local,Venta,Girona,1405465,,
44,2818,2006-10-18,Casa,Venta,Tarragona,224928,,
234,2819,2006-10-18,Oficina,Venta,Tarragona,1438866,,
122,2820,2006-10-19,Local,Venta,Lleida,817156,,
239,2821,2006-10-19,Casa,Venta,Lleida,1215554,2007-05-03,Luisa
196,2824,2006-10-22,Parking,Venta,Girona,1210496,,
236,2827,2006-10-23,Oficina,Venta,Lleida,1300360,,
50,2837,2006-10-26,Industrial,Venta,Girona,466850,,
53,2839,2006-10-26,Local,Venta,Barcelona,506256,,
190,2854,2006-11-02,Casa,Venta,Girona,1105230,,
141,2856,2006-11-02,Casa,Venta,Girona,821889,,
67,2863,2006-11-03,Industrial,Venta,Girona,637103,2007-04-26,Pedro
130,2864,2006-11-04,Oficina,Venta,Lleida,1186380,2007-03-06,Jesús
292,2866,2006-11-04,Piso,Venta,Lleida,1427004,,
248,2868,2006-11-05,Oficina,Venta,Lleida,1270256,,
136,2873,2006-11-07,Industrial,Venta,Barcelona,1262624,2007-03-27,Carmen
67,2874,2006-11-07,Oficina,Venta,Girona,342705,,
129,2876,2006-11-07,Casa,Venta,Girona,722013,2007-03-18,Carmen
124,2878,2006-11-08,Parking,Venta,Girona,950832,,
165,2879,2006-11-08,Oficina,Venta,Lleida,1355805,,
127,2881,2006-11-09,Local,Venta,Girona,815467,2007-04-25,Pedro
55,2882,2006-11-09,Piso,Venta,Tarragona,238975,,
70,2883,2006-11-09,Casa,Venta,Barcelona,407610,,
72,2890,2006-11-12,Industrial,Venta,Barcelona,449064,,
124,2895,2006-11-14,Suelo,Venta,Tarragona,1014196,,
105,2899,2006-11-17,Industrial,Venta,Girona,1045905,2007-04-24,Joaquín
51,2900,2006-11-18,Suelo,Venta,Girona,344811,,
70,2901,2006-11-18,Casa,Venta,Tarragona,598290,,
135,2902,2006-11-19,Parking,Venta,Girona,563760,2007-03-13,Pedro
199,2903,2006-11-19,Piso,Venta,Barcelona,1370911,,
131,2913,2006-11-24,Parking,Venta,Barcelona,1008176,,
176,2916,2006-11-24,Suelo,Venta,Tarragona,1185536,,
49,2919,2006-11-27,Parking,Venta,Lleida,327271,,
60,2922,2006-11-27,Suelo,Venta,Tarragona,288360,2007-03-25,Jesús
49,2925,2006-11-28,Casa,Venta,Barcelona,367206,2007-04-03,Jesús
153,2927,2006-11-28,Oficina,Venta,Lleida,1095786,,
180,2928,2006-11-29,Oficina,Venta,Lleida,1467360,,
82,2930,2006-11-29,Parking,Venta,Girona,643290,,
86,2932,2006-11-30,Piso,Venta,Lleida,707350,,
44,2933,2006-11-30,Parking,Venta,Girona,353628,,
219,2936,2006-11-30,Casa,Venta,Barcelona,883446,,
100,2937,2006-12-01,Piso,Venta,Girona,905600,2007-05-07,Joaquín
114,2938,2006-12-02,Oficina,Venta,Tarragona,1078668,2007-03-31,Jesús
187,2939,2006-12-02,Parking,Venta,Barcelona,1274218,,
94,2940,2006-12-02,Local,Venta,Barcelona,789976,2007-03-08,María
136,2946,2006-12-05,Piso,Venta,Lleida,1323280,,
186,2947,2006-12-06,Suelo,Venta,Barcelona,1367100,,
147,2951,2006-12-07,Parking,Venta,Tarragona,1045317,,
185,2954,2006-12-08,Local,Venta,Barcelona,1255595,,
61,2957,2006-12-09,Piso,Venta,Tarragona,258030,,
117,2960,2006-12-10,Industrial,Venta,Girona,575640,,
197,2963,2006-12-11,Piso,Venta,Tarragona,1077196,2007-04-12,María
242,2964,2006-12-11,Local,Venta,Tarragona,1246058,,
128,2965,2006-12-11,Local,Venta,Barcelona,752896,,
43,2967,2006-12-12,Casa,Venta,Barcelona,305128,,
198,2968,2006-12-13,Industrial,Venta,Lleida,1094940,2007-03-25,Joaquín
109,2969,2006-12-13,Industrial,Venta,Girona,703159,,
134,2973,2006-12-15,Casa,Venta,Barcelona,1295914,,
174,2978,2006-12-16,Piso,Venta,Tarragona,1377210,,
93,2984,2006-12-18,Suelo,Venta,Tarragona,910563,,
200,2985,2006-12-19,Parking,Venta,Barcelona,1407200,,
255,2989,2006-12-20,Local,Venta,Girona,1079670,,
48,2990,2006-12-20,Suelo,Venta,Barcelona,247584,2007-04-08,Joaquín
139,2991,2006-12-21,Parking,Venta,Barcelona,562394,,
95,2992,2006-12-21,Parking,Venta,Lleida,776245,2007-04-15,Luisa
108,2997,2006-12-24,Suelo,Venta,Tarragona,903960,,
263,2999,2006-12-24,Suelo,Venta,Barcelona,1403631,,
125,3009,2006-12-27,Oficina,Venta,Tarragona,645250,,
182,3012,2006-12-28,Parking,Venta,Lleida,1295840,,
257,3013,2006-12-29,Oficina,Venta,Barcelona,1245165,,
135,3014,2006-12-30,Casa,Venta,Lleida,1309365,,
69,3018,2006-12-31,Oficina,Venta,Lleida,483828,2007-05-05,Pedro
146,3020,2006-12-31,Parking,Venta,Girona,1399264,,
56,3029,2007-01-06,Oficina,Venta,Lleida,486416,,
67,3032,2007-01-08,Casa,Venta,Tarragona,643200,,
119,3033,2007-01-08,Industrial,Venta,Girona,571676,,
107,3034,2007-01-08,Suelo,Venta,Lleida,885960,,
196,3037,2007-01-09,Oficina,Venta,Barcelona,1022140,,
90,3041,2007-01-09,Oficina,Venta,Tarragona,713250,,
64,3042,2007-01-09,Parking,Venta,Barcelona,610816,,
92,3043,2007-01-09,Local,Venta,Lleida,709596,2007-04-17,Carmen
233,3046,2007-01-10,Parking,Venta,Barcelona,1077858,2007-04-30,María
57,3049,2007-01-10,Suelo,Venta,Girona,269724,,
100,3050,2007-01-11,Oficina,Venta,Barcelona,440500,,
259,3051,2007-01-11,Casa,Venta,Barcelona,1369333,,
164,3053,2007-01-12,Piso,Venta,Girona,1425488,,
152,3054,2007-01-12,Casa,Venta,Lleida,896800,,
62,3062,2007-01-14,Industrial,Venta,Tarragona,373240,,
120,3064,2007-01-15,Piso,Venta,Barcelona,761520,,
230,3065,2007-01-15,Parking,Venta,Tarragona,1486030,,
273,3069,2007-01-17,Industrial,Venta,Tarragona,1230684,,
56,3075,2007-01-20,Industrial,Venta,Girona,485240,,
67,3086,2007-01-23,Suelo,Venta,Tarragona,657270,,
59,3087,2007-01-23,Parking,Venta,Lleida,268332,,
164,3089,2007-01-23,Industrial,Venta,Girona,1494204,,
230,3100,2007-01-29,Parking,Venta,Barcelona,1445090,,
101,3103,2007-01-31,Suelo,Venta,Barcelona,921827,,
102,3111,2007-02-02,Oficina,Venta,Barcelona,860676,,
124,3112,2007-02-02,Suelo,Venta,Barcelona,684356,,
71,3116,2007-02-04,Oficina,Venta,Lleida,285136,,
160,3117,2007-02-04,Suelo,Venta,Girona,1431040,,
113,3119,2007-02-06,Industrial,Venta,Barcelona,952929,,
105,3122,2007-02-06,Industrial,Venta,Barcelona,496020,,
42,3123,2007-02-08,Parking,Venta,Tarragona,185010,,
119,3125,2007-02-10,Piso,Venta,Barcelona,688058,,
149,3131,2007-02-11,Suelo,Venta,Lleida,839913,,
54,3132,2007-02-11,Parking,Venta,Barcelona,521910,,
195,3134,2007-02-12,Local,Venta,Tarragona,1468740,,
82,3136,2007-02-12,Local,Venta,Barcelona,417626,,
241,3143,2007-02-17,Piso,Venta,Girona,979183,,
177,3147,2007-02-18,Industrial,Venta,Girona,1325730,,
81,3149,2007-02-18,Piso,Venta,Girona,324648,,
198,3150,2007-02-19,Casa,Venta,Tarragona,1158894,,
61,3152,2007-02-19,Casa,Venta,Barcelona,260775,,
115,3153,2007-02-19,Casa,Venta,Girona,1040635,,
65,3155,2007-02-20,Industrial,Venta,Lleida,590785,,
167,3156,2007-02-21,Piso,Venta,Lleida,858714,,
267,3158,2007-02-22,Local,Venta,Barcelona,1127274,,
43,3159,2007-02-22,Oficina,Venta,Tarragona,305945,,
238,3160,2007-02-22,Industrial,Venta,Lleida,992698,,
116,3161,2007-02-23,Parking,Venta,Lleida,648092,,
256,3164,2007-02-23,Suelo,Venta,Tarragona,1175040,,
182,3165,2007-02-24,Local,Venta,Lleida,1433796,,
87,3166,2007-02-24,Suelo,Venta,Barcelona,348696,,
291,3168,2007-02-25,Parking,Venta,Lleida,1374975,,
89,3171,2007-02-26,Oficina,Venta,Girona,684588,,
163,3172,2007-02-26,Casa,Venta,Girona,1478573,,
279,3173,2007-02-27,Suelo,Venta,Barcelona,1395837,,
128,3177,2007-02-28,Piso,Venta,Girona,801408,,
61,3183,2007-03-03,Oficina,Venta,Tarragona,606279,,
213,3190,2007-03-05,Parking,Venta,Barcelona,1324008,,
185,3195,2007-03-07,Suelo,Venta,Lleida,1109075,,
298,3202,2007-03-09,Oficina,Venta,Barcelona,1360966,,
61,3204,2007-03-09,Parking,Venta,Lleida,350872,,
121,3205,2007-03-10,Suelo,Venta,Girona,870837,,
123,3208,2007-03-11,Parking,Venta,Tarragona,1083261,,
136,3210,2007-03-12,Local,Venta,Tarragona,997968,,
49,3212,2007-03-13,Local,Venta,Lleida,425173,,
104,3215,2007-03-14,Industrial,Venta,Tarragona,522912,,
63,3216,2007-03-14,Casa,Venta,Lleida,319347,,
161,3217,2007-03-14,Industrial,Venta,Girona,1020257,,
93,3218,2007-03-14,Piso,Venta,Tarragona,812913,,
118,3220,2007-03-15,Oficina,Venta,Lleida,905532,,
138,3222,2007-03-16,Parking,Venta,Girona,1034034,,
192,3224,2007-03-16,Industrial,Venta,Lleida,1242624,,
173,3225,2007-03-16,Casa,Venta,Tarragona,1456487,,
145,3226,2007-03-16,Local,Venta,Tarragona,1128390,,
162,3227,2007-03-17,Suelo,Venta,Tarragona,720576,,
53,3228,2007-03-17,Piso,Venta,Tarragona,325420,,
44,3232,2007-03-18,Industrial,Venta,Tarragona,306020,,
110,3233,2007-03-19,Oficina,Venta,Barcelona,713680,,
102,3237,2007-03-20,Oficina,Venta,Lleida,470118,,
159,3239,2007-03-20,Local,Venta,Barcelona,1056714,,
135,3243,2007-03-22,Suelo,Venta,Girona,1096470,,
144,3246,2007-03-23,Parking,Venta,Barcelona,1035648,,
95,3247,2007-03-23,Oficina,Venta,Barcelona,940310,,
135,3248,2007-03-23,Piso,Venta,Barcelona,1298025,,
41,3249,2007-03-23,Suelo,Venta,Tarragona,192290,,
60,3251,2007-03-24,Parking,Venta,Girona,366780,,
172,3253,2007-03-24,Casa,Venta,Girona,1389072,,
221,3255,2007-03-26,Oficina,Venta,Girona,1194726,,
182,3258,2007-03-27,Local,Venta,Barcelona,777868,,
51,3265,2007-03-30,Parking,Venta,Girona,393057,,
119,3271,2007-04-02,Parking,Venta,Tarragona,1056839,,
117,3274,2007-04-02,Local,Venta,Lleida,898209,,
42,3275,2007-04-03,Casa,Venta,Barcelona,417564,,
71,3276,2007-04-03,Oficina,Venta,Girona,591004,,
116,3279,2007-04-05,Oficina,Venta,Lleida,845640,,
163,3280,2007-04-06,Industrial,Venta,Tarragona,761536,,
123,3295,2007-04-11,Parking,Venta,Girona,1088181,,
89,3296,2007-04-11,Industrial,Venta,Barcelona,414829,,
128,3304,2007-04-12,Piso,Venta,Girona,1270400,,
244,3305,2007-04-13,Industrial,Venta,Tarragona,1026508,,
286,3308,2007-04-16,Local,Venta,Tarragona,1180036,,
140,3309,2007-04-16,Piso,Venta,Tarragona,760620,,
179,3315,2007-04-18,Industrial,Venta,Tarragona,1386892,,
114,3319,2007-04-21,Industrial,Venta,Tarragona,540018,,
44,3322,2007-04-23,Local,Venta,Barcelona,180048,,
136,3324,2007-04-24,Oficina,Venta,Barcelona,807432,,
55,3328,2007-04-26,Suelo,Venta,Lleida,355135,,
88,3330,2007-04-27,Parking,Venta,Barcelona,612568,,
110,3331,2007-04-27,Local,Venta,Girona,845790,,
190,3332,2007-04-29,Oficina,Venta,Lleida,1031320,,
78,3335,2007-04-30,Suelo,Venta,Tarragona,740688,,
